storyline_id,source_label,source_kind,choice_index,choice_text_zh,target_label,target_kind,target_port
storyline_001_2921e3d4be,CL020_012_004,ShowChoice,0,“其实……我怀了礼治的孩子！”,012_C020A_005,PlayVideo_Ordinary,__entryPoint
storyline_001_2921e3d4be,CL020_012_004,ShowChoice,1,“媚娘一定尽心跟随皇后”,B01_012_C020B_006,PlayVideo_Ordinary,__entryPoint
storyline_001_2921e3d4be,CL050_012_016,ShowChoice,0,和姐姐聊儿时算命趣事,012_C050A_017,PlayVideo_Ordinary,__entryPoint
storyline_001_2921e3d4be,CL050_012_016,ShowChoice,1,和姐姐聊儿时糗事,B05_012_C050B_018,PlayVideo_Ordinary,__entryPoint
storyline_001_2921e3d4be,CL050_012_016,ShowChoice,2,早点睡,B05_012_C050B_019,PlayVideo_Ordinary,__entryPoint
storyline_001_2921e3d4be,CL060_012_021,ShowChoice,0,"当机立断,将此事闹大",012_C060A_022,PlayVideo_Ordinary,__entryPoint
storyline_001_2921e3d4be,CL060_012_021,ShowChoice,1,"按下不表,严查饭食",012_C060B_024,PlayVideo_Ordinary,__entryPoint
storyline_001_2921e3d4be,CL070_012_025,ShowChoice,0,散播自己腹中骨肉是女孩,012_C070A_026,PlayVideo_Ordinary,__entryPoint
storyline_001_2921e3d4be,CL070_012_025,ShowChoice,1,直接给自己下堕胎药,012_C070B_028,PlayVideo_Ordinary,__entryPoint
storyline_001_2921e3d4be,CL080_012_029,ShowChoice,1,藏入皇后寝殿中,H04_012_C070B_031,PlayVideo_Ordinary,__entryPoint
storyline_001_2921e3d4be,C090_012_033,ShowChoice,0,任他被杖毙,B05_012_C090A_034,PlayVideo_Ordinary,__entryPoint
storyline_001_2921e3d4be,C090_012_033,ShowChoice,1,保他,012_C090B_035,PlayVideo_Ordinary,__entryPoint
storyline_001_2921e3d4be,CL100_012_036,ShowChoice,0,为她默哀,012_C100A_037,PlayVideo_Ordinary,__entryPoint
storyline_001_2921e3d4be,CL100_012_036,ShowChoice,1,"饶她一命,让她流放",012_C100B_038,PlayVideo_Ordinary,__entryPoint
storyline_001_2921e3d4be,CL110_012_040,ShowChoice,0,让他知道你比王皇后更狠,B06_012_C110A_041,PlayVideo_Ordinary,__entryPoint
storyline_001_2921e3d4be,CL110_012_040,ShowChoice,1,让他知道你比王皇后更好,012_C110B_042,PlayVideo_Ordinary,__entryPoint
storyline_001_2921e3d4be,CL130_012_045,ShowChoice,0,我相信陛下,012_C130A_046,PlayVideo_Ordinary,__entryPoint
storyline_001_2921e3d4be,CL130_012_045,ShowChoice,1,"照儿愿助陛下,拿回天子的权力",B14_012_C130B_047,PlayVideo_Ordinary,__entryPoint
storyline_001_2921e3d4be,CL140_012_049,ShowChoice,0,你从来都是我最好的朋友,012_C140A_050,PlayVideo_Ordinary,__entryPoint
storyline_001_2921e3d4be,CL140_012_049,ShowChoice,1,都过去了,012_C140B_051,PlayVideo_Ordinary,__entryPoint
storyline_001_2921e3d4be,CL080_012_029,ShowChoice,0,彻底销毁,012_032,PlayVideo_Ordinary,__entryPoint
storyline_001_2921e3d4be,CL040_012_009,ShowChoice,0,"姐姐,我一定会为你讨回公道的",012_C040A_010,PlayVideo_Ordinary,__entryPoint
storyline_001_2921e3d4be,CL040_012_009,ShowChoice,1,"姐姐,我一定帮你远离鄙夫",012_C040B_011,PlayVideo_Ordinary,__entryPoint
storyline_001_2921e3d4be,CL011_012_060,ShowChoice,0,默许陛下封你为昭仪,012_C011A_061,PlayVideo_Ordinary,__entryPoint
storyline_001_2921e3d4be,CL011_012_060,ShowChoice,1,婉言拒绝封你为昭仪,012_C011B_063,PlayVideo_Ordinary,__entryPoint
storyline_002_16cbaf3d79,CL020_014_008,ShowChoice,0,"保母子平安,赏你黄金万两!",B02_014_C020A_009,PlayVideo_Ordinary,__entryPoint
storyline_002_16cbaf3d79,CL020_014_008,ShowChoice,1,"若我出事,必诛你九族!",014_C020B_010,PlayVideo_Ordinary,__entryPoint
storyline_002_16cbaf3d79,CL020_014_008,ShowChoice,2,保母子平安，孩子认你当义母！,B03_014_C020C_011,PlayVideo_Ordinary,__entryPoint
storyline_002_16cbaf3d79,CL030_014_015,ShowChoice,0,"灯下黑,躲进衣柜",B05_014_C030A_016,PlayVideo_Ordinary,__entryPoint
storyline_002_16cbaf3d79,CL030_014_015,ShowChoice,1,"赌一把,从后门冲出去",014_C030B_017,PlayVideo_Ordinary,__entryPoint
storyline_002_16cbaf3d79,CL040_014_018,ShowChoice,0,留着她,014_C040A_019,PlayVideo_Ordinary,__entryPoint
storyline_002_16cbaf3d79,CL040_014_018,ShowChoice,1,让她消失,014_C040B_020,PlayVideo_Ordinary,__entryPoint
storyline_002_16cbaf3d79,CL060_014_021,ShowChoice,0,既然他们不让我做宸妃，那我便做皇后吧,014_C060A_022,PlayVideo_Ordinary,__entryPoint
storyline_002_16cbaf3d79,CL050_014_026,ShowChoice,0,刺杀,B06_C050_014_027,PlayVideo_Ordinary,__entryPoint
storyline_002_16cbaf3d79,CL050_014_026,ShowChoice,1,下毒,B07_C050_014_028,PlayVideo_Ordinary,__entryPoint
storyline_002_16cbaf3d79,CL090_014_039,ShowChoice,1,散布死士已经被救走,N08_014_C090B_041,PlayVideo_Ordinary,__entryPoint
storyline_002_16cbaf3d79,CL100_014_043,ShowChoice,0,宫人们的流言,N10_014_C100A_044,PlayVideo_Ordinary,__entryPoint
storyline_002_16cbaf3d79,CL110_014_046,ShowChoice,0,"舒妃不是外人,有话直说",N11_014_C110A_047,PlayVideo_Ordinary,__entryPoint
storyline_002_16cbaf3d79,CL110_014_046,ShowChoice,1,"有外人在,怎能如此口无遮拦",014_C110B_048,PlayVideo_Ordinary,__entryPoint
storyline_002_16cbaf3d79,CL120_014_049,ShowChoice,0,幕后之人是皇后,014_C120A_050,PlayVideo_Ordinary,__entryPoint
storyline_002_16cbaf3d79,CL120_014_049,ShowChoice,1,幕后之人是王皇后和萧舒妃,N12_014_C120B_051,PlayVideo_Ordinary,__entryPoint
storyline_002_16cbaf3d79,CL130_014_052,ShowChoice,1,"让少量守卫在屋外,凌霄带更多守卫在屋内",014_C130B_054,PlayVideo_Ordinary,__entryPoint
storyline_002_16cbaf3d79,CL010_014_002,ShowChoice,0,邀徐敏慧和你同乘,014_C010A_003,PlayVideo_Ordinary,__entryPoint
storyline_002_16cbaf3d79,CL010_014_002,ShowChoice,1,默许徐敏慧上礼治的车,014_C010B_004,PlayVideo_Ordinary,__entryPoint
storyline_002_16cbaf3d79,CL130_014_052,ShowChoice,0,"让凌霄带更多守卫在屋外,少量守卫在屋内",014_C130A_053,PlayVideo_Ordinary,__entryPoint
storyline_002_16cbaf3d79,CL100_014_043,ShowChoice,2,萧舒妃,014_C100C_045,PlayVideo_Ordinary,__entryPoint
storyline_002_16cbaf3d79,CL100_014_043,ShowChoice,1,萧舒妃的儿子素节,N15_014_C100B_090,PlayVideo_Ordinary,__entryPoint
storyline_002_16cbaf3d79,CL101_014_091,ShowChoice,0,释放善意,N16_014_C101A_092,PlayVideo_Ordinary,__entryPoint
storyline_002_16cbaf3d79,CL101_014_091,ShowChoice,1,释放恶意,014_C101B_093,PlayVideo_Ordinary,__entryPoint
storyline_002_16cbaf3d79,CL150_014_058,ShowChoice,0,坐实皇后刺杀昭仪的罪名,B14_014_C150A_059,PlayVideo_Ordinary,__entryPoint
storyline_002_16cbaf3d79,CL150_014_058,ShowChoice,1,栽赃给皇后一个更大的罪名,014_C130B_088,PlayVideo_Ordinary,__entryPoint
storyline_002_16cbaf3d79,CL090_014_039,ShowChoice,2,散布死士已经招供,014_C090A_040,PlayVideo_Ordinary,__entryPoint
storyline_002_16cbaf3d79,CL090_014_039,ShowChoice,0,散布死士已经死亡,N09_014_C090C_042,PlayVideo_Ordinary,__entryPoint
storyline_002_16cbaf3d79,CL080_014_034,ShowChoice,0,编造他已中毒将死,Global_GlobalVariableSetter,Global_GlobalVariableSetter,__entryPoint
storyline_002_16cbaf3d79,CL080_014_034,ShowChoice,1,编造他的靠山王皇后已死,Global_GlobalVariableSetter,Global_GlobalVariableSetter,__entryPoint
storyline_002_16cbaf3d79,CL080_014_034,ShowChoice,2,编造他全族已被王皇后灭口,Global_GlobalVariableSetter,Global_GlobalVariableSetter,__entryPoint
storyline_002_f995c3c3da,CL011_015_061,ShowChoice,0,让所有人看看礼忠的真面目,B11_015_C011A_062,PlayVideo_Ordinary,__entryPoint
storyline_002_f995c3c3da,C030_015_013,ShowChoice,0,任由他撞,015_C030A_014,PlayVideo_Ordinary,__entryPoint
storyline_002_f995c3c3da,C030_015_013,ShowChoice,1,"踏入朝堂,高声怒喝",015_C030B_015,PlayVideo_Ordinary,__entryPoint
storyline_002_f995c3c3da,CL040_015_019,ShowChoice,0,"你受命于先帝,不应忤逆陛下",015_C040A_020,PlayVideo_Ordinary,__entryPoint
storyline_002_f995c3c3da,CL040_015_019,ShowChoice,1,你应当坐在这龙椅上才是,015_C040B_022,PlayVideo_Ordinary,__entryPoint
storyline_002_f995c3c3da,C060_015_029,ShowChoice,0,难道你不知此战是为陛下？,C060A_030,PlayVideo_Ordinary,__entryPoint
storyline_002_f995c3c3da,C060_015_029,ShowChoice,2,Key:ShowChoice-C060_015_029.choice+2.choiceText,B08_015_032,PlayVideo_Ordinary,__entryPoint
storyline_002_f995c3c3da,C070_015_034,ShowChoice,0,“大司空毫无将士之风骨”,015_C070A_035,PlayVideo_Ordinary,__entryPoint
storyline_002_f995c3c3da,CL080_015_037,ShowChoice,0,五成!,015_CL080A_038,PlayVideo_Ordinary,__entryPoint
storyline_002_f995c3c3da,CL080_015_037,ShowChoice,1,七成!,B10_015_CL080B_040,PlayVideo_Ordinary,__entryPoint
storyline_002_f995c3c3da,C010_015_002,ShowChoice,0,宣御医强行拯救,H11_015_C010A_003,PlayVideo_Ordinary,__entryPoint
storyline_002_f995c3c3da,C060_015_029,ShowChoice,1,难道你不知此战是为同袍将士？,015_C060B_031,PlayVideo_Ordinary,__entryPoint
storyline_002_f995c3c3da,C070_015_034,ShowChoice,1,“大司空欲留灾祸与后人吗？”,015_C070B_036,PlayVideo_Ordinary,__entryPoint
storyline_002_f995c3c3da,CL080_015_037,ShowChoice,2,十成!,015_CL080C_042,PlayVideo_Ordinary,__entryPoint
storyline_002_f995c3c3da,CL090_015_057,ShowChoice,0,不答应,015_CL090A_058,PlayVideo_Ordinary,__entryPoint
storyline_002_f995c3c3da,CL090_015_057,ShowChoice,1,答应,015_CL090B_059,PlayVideo_Ordinary,__entryPoint
storyline_002_f995c3c3da,CL050_015_025,ShowChoice,0,和长孙太尉化敌为友,N06_015_C050A_027,PlayVideo_Ordinary,__entryPoint
storyline_002_f995c3c3da,CL050_015_025,ShowChoice,1,拉拢更多底层官员,N05_015_C050B_028,PlayVideo_Ordinary,__entryPoint
storyline_002_f995c3c3da,CL050_015_025,ShowChoice,2,拉拢掌握兵权的武将,015_C050C_026,PlayVideo_Ordinary,__entryPoint
storyline_002_f995c3c3da,C010_015_002,ShowChoice,1,忍住悲痛，借势定罪,015_C010C_005,PlayVideo_Ordinary,__entryPoint
storyline_002_f995c3c3da,CL011_015_061,ShowChoice,1,按下真相，嫁祸皇后,015_C011C_064,PlayVideo_Ordinary,__entryPoint
storyline_003_2ab7b312cd,CL010_009_002,ShowChoice,0,正常地请安,009_C010A_003,PlayVideo_Ordinary,__entryPoint
storyline_003_2ab7b312cd,CL010_009_002,ShowChoice,1,委屈地请安,009_C010B_004,PlayVideo_Ordinary,__entryPoint
storyline_003_2ab7b312cd,CL011_009_005,ShowChoice,0,回抱他,009_C011A_006,PlayVideo_Ordinary,__entryPoint
storyline_003_2ab7b312cd,CL011_009_005,ShowChoice,1,不抱他,009_C011B_007,PlayVideo_Ordinary,__entryPoint
storyline_003_2ab7b312cd,CL020_009_009,ShowChoice,0,答应,B01_009_C020A_010,PlayVideo_Ordinary,__entryPoint
storyline_003_2ab7b312cd,CL020_009_009,ShowChoice,1,不答应,009_C020B_011,PlayVideo_Ordinary,__entryPoint
storyline_003_2ab7b312cd,CL040_009_022,ShowChoice,0,利用萧舒妃对王皇后的不满,B02_009_C040A_023,PlayVideo_Ordinary,__entryPoint
storyline_003_2ab7b312cd,CL040_009_022,ShowChoice,1,利用王皇后对萧舒妃的忌惮,009_C040B_024,PlayVideo_Ordinary,__entryPoint
storyline_003_2ab7b312cd,CL070_009_025,ShowChoice,1,不卑不亢,009_C070B_026,PlayVideo_Ordinary,__entryPoint
storyline_003_2ab7b312cd,CL070_009_025,ShowChoice,0,懦弱胆小,009_C070A_032,PlayVideo_Ordinary,__entryPoint
storyline_003_2ab7b312cd,CL100_009_047,ShowChoice,2,我若成为陛下妃嫔，更能帮到皇后,B08_009_C100C_049,PlayVideo_Ordinary,__entryPoint
storyline_003_2ab7b312cd,CL120_009_053,ShowChoice,0,权力,009_C120A_054,PlayVideo_Ordinary,__entryPoint
storyline_003_2ab7b312cd,CL120_009_053,ShowChoice,1,礼治的心,009_C120B_055,PlayVideo_Ordinary,__entryPoint
storyline_003_2ab7b312cd,CL120_009_053,ShowChoice,2,我都要,009_C120C_056,PlayVideo_Ordinary,__entryPoint
storyline_003_2ab7b312cd,CL090_009_041,ShowChoice,0,其实……不止旧识这么简单,009_C090A_042,PlayVideo_Ordinary,__entryPoint
storyline_003_2ab7b312cd,CL090_009_041,ShowChoice,1,都是谣传,009_C090B_043,PlayVideo_Ordinary,__entryPoint
storyline_003_2ab7b312cd,CL090_009_041,ShowChoice,2,是真的,009_C090C_044,PlayVideo_Ordinary,__entryPoint
storyline_003_2ab7b312cd,CL071_009_027,ShowChoice,2,都是谣传,009_C071C_030,PlayVideo_Ordinary,__entryPoint
storyline_003_2ab7b312cd,CL071_009_027,ShowChoice,1,是真的,009_C071B_029,PlayVideo_Ordinary,__entryPoint
storyline_003_2ab7b312cd,CL071_009_027,ShowChoice,0,不止旧识那么简单,B03_009_C071A_028,PlayVideo_Ordinary,__entryPoint
storyline_003_2ab7b312cd,CL100_009_047,ShowChoice,0,奴婢愿意,009_C100B_050,PlayVideo_Ordinary,__entryPoint
storyline_003_2ab7b312cd,CL100_009_047,ShowChoice,1,我若成为御前婢女，更能帮到皇后  ,B07_009_C100A_048,PlayVideo_Ordinary,__entryPoint
storyline_003_a2888dd30d,CL010_019_002,ShowChoice,0,顺势造谣太子，火上浇油,019_C010A_003,PlayVideo_Ordinary,__entryPoint
storyline_003_a2888dd30d,CL010_019_002,ShowChoice,1,遏制传言，严惩非议太子之人,019_C010B_004,PlayVideo_Ordinary,__entryPoint
storyline_003_a2888dd30d,C050_019_023,ShowChoice,0,我心里，一直有陛下,019_C050A_024,PlayVideo_Ordinary,__entryPoint
storyline_003_a2888dd30d,CL030_019_009,ShowChoice,0,十四岁入宫时被赠牡丹钿花,019_C030A_010,PlayVideo_Ordinary,__entryPoint
storyline_003_a2888dd30d,CL030_019_009,ShowChoice,2,封后大典，我怀着你走向你的父皇,019_C030C_012,PlayVideo_Ordinary,__entryPoint
storyline_003_a2888dd30d,CL030_019_009,ShowChoice,1,南山狩猎，我救了你的父皇,019_C030B_011,PlayVideo_Ordinary,__entryPoint
storyline_003_a2888dd30d,CL040_019_013,ShowChoice,0,陛下偏爱礼显，有意更换太子,019_C040B_015,PlayVideo_Ordinary,__entryPoint
storyline_003_a2888dd30d,CL040_019_013,ShowChoice,1,陛下和我有意提前将皇位托付给你,019_C040A_016,PlayVideo_Ordinary,__entryPoint
storyline_003_a2888dd30d,C020_019_006,ShowChoice,0,即刻离开,N01_019_C020B_008,PlayVideo_Ordinary,__entryPoint
storyline_003_a2888dd30d,C020_019_006,ShowChoice,1,照常进入,019_C020A_007,PlayVideo_Ordinary,__entryPoint
storyline_003_a2888dd30d,C051_019_030,ShowChoice,0,看,019_C050A_033,PlayVideo_Ordinary,__entryPoint
storyline_003_a2888dd30d,C051_019_030,ShowChoice,1,不看,019_C050B_034,PlayVideo_Ordinary,__entryPoint
storyline_003_a2888dd30d,C050_019_023,ShowChoice,3,选项 D,019_026,PlayVideo_Ordinary,__entryPoint
storyline_003_a2888dd30d,C050_019_023,ShowChoice,2,从未爱过,019_C050B_025,PlayVideo_Ordinary,__entryPoint
storyline_003_a2888dd30d,C050_019_023,ShowChoice,1,爱过,019_C050C_035,PlayVideo_Ordinary,__entryPoint
storyline_004_abf6427c82,CL330_S03_002,ShowChoice,1,不告诉他,S03_C330B_004,PlayVideo_Ordinary,__entryPoint
storyline_004_abf6427c82,CL330_S03_002,ShowChoice,0,告诉他你的梦境,S03_C330A_003,PlayVideo_Ordinary,__entryPoint
storyline_004_abf6427c82,CL340_S03_006,ShowChoice,0,给他一拳清醒,B33_S03_C340A_007,PlayVideo_Ordinary,__entryPoint
storyline_004_abf6427c82,CL340_S03_006,ShowChoice,2,魏王，你就从了吧,S03_C340C_009,PlayVideo_Ordinary,__entryPoint
storyline_004_abf6427c82,CL340_S03_006,ShowChoice,1,问徐敏慧的想法,S03_C340B_008,PlayVideo_Ordinary,__entryPoint
storyline_004_abf6427c82,CL350_S03_010,ShowChoice,0,这是好事啊,S03_C350A_011,PlayVideo_Ordinary,__entryPoint
storyline_004_abf6427c82,CL350_S03_010,ShowChoice,1,心中纵使有万般痛楚，也只能以大局为重,S03_C350A_012,PlayVideo_Ordinary,__entryPoint
storyline_004_abf6427c82,C370_S03_016,ShowChoice,1,难道你不想获得家人的祝福吗？,S03_C370B_019,PlayVideo_Ordinary,__entryPoint
storyline_004_abf6427c82,C370_S03_016,ShowChoice,0,你爹爹很想你！,S03_C370A_017,PlayVideo_Ordinary,__entryPoint
storyline_004_abf6427c82,C370_S03_016,ShowChoice,2,魏王比丹力赤有魅力多了！,S03_C370C_021,PlayVideo_Ordinary,__entryPoint
storyline_004_abf6427c82,C370_S03_016,ShowChoice,3,陛下比丹力赤有魅力多了！,S03_C370D_023,PlayVideo_Ordinary,__entryPoint
storyline_004_abf6427c82,CL380_S03_025,ShowChoice,0,劝徐敏慧回去,S03_C380A_026,PlayVideo_Ordinary,__entryPoint
storyline_004_abf6427c82,CL380_S03_025,ShowChoice,1,放弃带徐敏慧回去,S03_C380B_028,PlayVideo_Ordinary,__entryPoint
storyline_004_abf6427c82,CL351_S03_035,ShowChoice,0,躲进附近的箱子,B53_S03_C351A_036,PlayVideo_Ordinary,__entryPoint
storyline_004_abf6427c82,CL351_S03_035,ShowChoice,1,继续搬东西,S03_C351B_037,PlayVideo_Ordinary,__entryPoint
storyline_004_abf6427c82,CL381_S03_029,ShowChoice,0,“我奉子成婚，求父亲应允”,S03_C381A_030,PlayVideo_Ordinary,__entryPoint
storyline_004_abf6427c82,CL381_S03_029,ShowChoice,1,“我已和丹力赤成婚，谢父亲成全”,S03_C382B_031,PlayVideo_Ordinary,__entryPoint
storyline_004_abf6427c82,C370_S03_016,ShowChoice,4,Key:ShowChoice-C370_S03_016.choice+4.choiceText,B34_S03_018,PlayVideo_Ordinary,__entryPoint
storyline_004_abf6427c82,CL350_S03_010,ShowChoice,2,殿下就这么在意……,S03_039,PlayVideo_Ordinary,__entryPoint
storyline_004_f7ecc9aff2,CL040_018_020,ShowChoice,0,重罚上官宜，以正视听,N01_018_C040A_021,PlayVideo_Ordinary,__entryPoint
storyline_004_f7ecc9aff2,CL040_018_020,ShowChoice,2,自断臂膀，平息众怒,018_C040C_023,PlayVideo_Ordinary,__entryPoint
storyline_004_f7ecc9aff2,CL040_018_020,ShowChoice,1,回归后宫,H02_018_C040B_022,PlayVideo_Ordinary,__entryPoint
storyline_004_f7ecc9aff2,CL100_018_047,ShowChoice,1,你不知母后这一路走来的艰辛,018_C100B_049,PlayVideo_Ordinary,__entryPoint
storyline_004_f7ecc9aff2,CL100_018_047,ShowChoice,0,没有我的杀伐果断，你早就死了！,018_C100A_048,PlayVideo_Ordinary,__entryPoint
storyline_004_f7ecc9aff2,CL090_018_041,ShowChoice,2,你想逼死母后吗！,018_C090C_045,PlayVideo_Ordinary,__entryPoint
storyline_004_f7ecc9aff2,CL090_018_041,ShowChoice,0,你想和上官宜同罪处死吗！,018_C090B_042,PlayVideo_Ordinary,__entryPoint
storyline_004_f7ecc9aff2,CL090_018_041,ShowChoice,1,你想牵连东宫所有属臣吗？！,018_C090B_044,PlayVideo_Ordinary,__entryPoint
storyline_004_f7ecc9aff2,CL110_018_051,ShowChoice,1,我也不知道,018_C110B_053,PlayVideo_Ordinary,__entryPoint
storyline_004_f7ecc9aff2,CL110_018_051,ShowChoice,0,会的，他很想太平，很想母后,018_C110A_052,PlayVideo_Ordinary,__entryPoint
storyline_004_f7ecc9aff2,CL010_018_002,ShowChoice,1,此事不妥,018_C010B_004,PlayVideo_Ordinary,__entryPoint
storyline_004_f7ecc9aff2,CL010_018_002,ShowChoice,0,母后也有此意,018_C010A_003,PlayVideo_Ordinary,__entryPoint
storyline_004_f7ecc9aff2,CL120_018_055,ShowChoice,0,邀礼治故地重游,N08_018_C120A_056,PlayVideo_Ordinary,__entryPoint
storyline_004_f7ecc9aff2,CL120_018_055,ShowChoice,1,质问礼治,018_C120B_057,PlayVideo_Ordinary,__entryPoint
storyline_004_f7ecc9aff2,CL050_018_024,ShowChoice,1,伍元庆 伍元爽,018_C050B_026,PlayVideo_Ordinary,__entryPoint
storyline_004_f7ecc9aff2,CL050_018_024,ShowChoice,0,季怀衷 李益府,N03_018_C050A_025,PlayVideo_Ordinary,__entryPoint
storyline_004_f7ecc9aff2,CL060_018_027,ShowChoice,1,送还故里，安度晚年,018_C060B_029,PlayVideo_Ordinary,__entryPoint
storyline_004_f7ecc9aff2,CL060_018_027,ShowChoice,0,在他们归乡途中直接灭口,018_C060A_028,PlayVideo_Ordinary,__entryPoint
storyline_004_f7ecc9aff2,CL070_018_031,ShowChoice,0,为李益府求情,018_C070A_032,PlayVideo_Ordinary,__entryPoint
storyline_004_f7ecc9aff2,CL070_018_031,ShowChoice,1,不为李益府求情,018_C070B_033,PlayVideo_Ordinary,__entryPoint
storyline_004_f7ecc9aff2,C130_018_058,ShowChoice,1,我不愿离开,018_C130B_060,PlayVideo_Ordinary,__entryPoint
storyline_004_f7ecc9aff2,C130_018_058,ShowChoice,0,答应他,N09_018_C130A_059,PlayVideo_Ordinary,__entryPoint
storyline_004_f7ecc9aff2,CL021_018_068,ShowChoice,0,陛下安排吧,018_C021A_069,PlayVideo_Ordinary,__entryPoint
storyline_004_f7ecc9aff2,CL021_018_068,ShowChoice,1,我不同意,018_C021B_070,PlayVideo_Ordinary,__entryPoint
storyline_004_f7ecc9aff2,CL021_018_068,ShowChoice,2,我正有此意,018_C021C_071,PlayVideo_Ordinary,__entryPoint
storyline_004_f7ecc9aff2,CL031_018_072,ShowChoice,0,同意,018_C031A_073,PlayVideo_Ordinary,__entryPoint
storyline_004_f7ecc9aff2,CL031_018_072,ShowChoice,1,不同意,018_C031B_074,PlayVideo_Ordinary,__entryPoint
storyline_004_f7ecc9aff2,CL071_018_075,ShowChoice,0,同盟的奏折,018_C071A_076,PlayVideo_Ordinary,__entryPoint
storyline_004_f7ecc9aff2,CL071_018_075,ShowChoice,1,政敌的奏折,018_C071B_077,PlayVideo_Ordinary,__entryPoint
storyline_004_f7ecc9aff2,CL131_018_079,ShowChoice,0,邀礼治故地重游，重新拉近距离,N99_018_C131A_080,PlayVideo_Ordinary,__entryPoint
storyline_004_f7ecc9aff2,CL131_018_079,ShowChoice,1,拆下凤冠，自请废后，以退为进,018_C131B_081,PlayVideo_Ordinary,__entryPoint
storyline_004_f7ecc9aff2,CL080_018_035,ShowChoice,0,罗织罪名，呈交陛下,018_C080B_038,PlayVideo_Ordinary,__entryPoint
storyline_004_f7ecc9aff2,CL080_018_035,ShowChoice,1,趁陛下养疾，绕过陛下除去他,018_C080C_040,PlayVideo_Ordinary,__entryPoint
storyline_004_f7ecc9aff2,CL072_018_085,ShowChoice,0,命袭心悄无声息地了结他,N_018_C720A_086,PlayVideo_Ordinary,__entryPoint
storyline_004_f7ecc9aff2,CL072_018_085,ShowChoice,1,罗织罪名，罢免其职位,N10_018_C072B_087,PlayVideo_Ordinary,__entryPoint
storyline_004_f7ecc9aff2,CL072_018_085,ShowChoice,2,让上官宜，死得轰轰烈烈,018_C072C_088,PlayVideo_Ordinary,__entryPoint
storyline_004_f7ecc9aff2,018_099,ShowChoice,0,往后的路，并肩走下去,018_103,PlayVideo_Ordinary,__entryPoint
storyline_004_f7ecc9aff2,018_099,ShowChoice,1,往后的路，我要做订立规则的那个人,018_104,PlayVideo_Ordinary,__entryPoint
storyline_005_80355bb1a5,CL050_020_021,ShowChoice,1,礼氏皇族，彰显我方正统,020_C050B_023,PlayVideo_Ordinary,__entryPoint
storyline_005_80355bb1a5,CL050_020_021,ShowChoice,0,伍家外戚，眼下全族都在一条船上,B07_020_C050A_022,PlayVideo_Ordinary,__entryPoint
storyline_005_80355bb1a5,CL050_020_021,ShowChoice,2,徐家亲族，让他们自相残杀,B08_020_C050C_024,PlayVideo_Ordinary,__entryPoint
storyline_005_80355bb1a5,CL130_020_059,ShowChoice,0,让他活着见证你的盛世,020_C130A_060,PlayVideo_Ordinary,__entryPoint
storyline_005_80355bb1a5,CL130_020_059,ShowChoice,1,赐他一死,020_C130B_061,PlayVideo_Ordinary,__entryPoint
storyline_005_80355bb1a5,CL120_020_054,ShowChoice,0,我会连同世人偏见一起扑灭,020_C120B_056,PlayVideo_Ordinary,__entryPoint
storyline_005_80355bb1a5,CL120_020_054,ShowChoice,1,那我便在骂名中开创我的太平盛世,020_C120C_057,PlayVideo_Ordinary,__entryPoint
storyline_005_80355bb1a5,CL030_020_013,ShowChoice,1,另立新君，继续垂帘听政,020_C030B_015,PlayVideo_Ordinary,__entryPoint
storyline_005_80355bb1a5,CL030_020_013,ShowChoice,0,自己登基称帝,B05_020_C030A_014,PlayVideo_Ordinary,__entryPoint
storyline_005_80355bb1a5,CL140_020_050,ShowChoice,1,为何喜欢读书,020_C140B_052,PlayVideo_Ordinary,__entryPoint
storyline_005_80355bb1a5,CL140_020_050,ShowChoice,0,你觉得你的祖父上官宜，冤吗,020_C140A_051,PlayVideo_Ordinary,__entryPoint
storyline_005_80355bb1a5,CL010_020_005,ShowChoice,1,废了皇帝,020_C010B_007,PlayVideo_Ordinary,__entryPoint
storyline_005_80355bb1a5,CL010_020_005,ShowChoice,0,架空新帝，以太后身份做无冕女皇,N01_20_C010A_006,PlayVideo_Ordinary,__entryPoint
storyline_005_80355bb1a5,CL090_020_028,ShowChoice,1,离开,020_C090B_030,PlayVideo_Ordinary,__entryPoint
storyline_005_80355bb1a5,CL090_020_028,ShowChoice,0,留下,B09_020_C090A_029,PlayVideo_Ordinary,__entryPoint
storyline_005_80355bb1a5,CL020_020_008,ShowChoice,3,羽林军：动用他们强制废帝,020_C020D_012,PlayVideo_Ordinary,__entryPoint
storyline_005_80355bb1a5,CL020_020_008,ShowChoice,0,皇帝礼显：让他自请退位,N02_020_C020A_009,PlayVideo_Ordinary,__entryPoint
storyline_005_80355bb1a5,CL020_020_008,ShowChoice,2,众位宰相：允诺他们入功臣榜,N04_020_C020C_011,PlayVideo_Ordinary,__entryPoint
storyline_005_80355bb1a5,CL020_020_008,ShowChoice,1,韦皇后：允诺她换帝不换后,N03_020_C020B_010,PlayVideo_Ordinary,__entryPoint
storyline_005_80355bb1a5,CL160_020_063,ShowChoice,1,修建更多寺庙,020_C160B_065,PlayVideo_Ordinary,__entryPoint
storyline_005_80355bb1a5,CL160_020_063,ShowChoice,0,修建新的皇宫,020_C160A_064,PlayVideo_Ordinary,__entryPoint
storyline_005_80355bb1a5,CL160_020_063,ShowChoice,2,修建象征皇权的明堂,020_C160C_066,PlayVideo_Ordinary,__entryPoint
storyline_005_80355bb1a5,CL070_020_041,ShowChoice,0,我做这些，都是为了盛朝,020_C070A_042,PlayVideo_Ordinary,__entryPoint
storyline_005_80355bb1a5,CL070_020_041,ShowChoice,2,我做这些，都是为了我的野心,020_C070C_044,PlayVideo_Ordinary,__entryPoint
storyline_005_80355bb1a5,CL070_020_041,ShowChoice,1,我做这些，都是为了先帝,020_C070B_043,PlayVideo_Ordinary,__entryPoint
storyline_005_80355bb1a5,CL040_020_016,ShowChoice,1,将他关入大牢,B06_020_C040B_018,PlayVideo_Ordinary,__entryPoint
storyline_005_80355bb1a5,CL040_020_016,ShowChoice,0,骂醒他！,020_C040A_017,PlayVideo_Ordinary,__entryPoint
storyline_005_80355bb1a5,CL040_020_016,ShowChoice,2,允了！,020_C040C_019,PlayVideo_Ordinary,__entryPoint
storyline_005_80355bb1a5,CL170_020_067,ShowChoice,1,用祥瑞事件宣扬你是天命所归,020_C170B_069,PlayVideo_Ordinary,__entryPoint
storyline_005_80355bb1a5,CL170_020_067,ShowChoice,0,用民谣宣扬你是天命所归,020_C170A_068,PlayVideo_Ordinary,__entryPoint
storyline_005_80355bb1a5,CL170_020_067,ShowChoice,2,用女主伍王宣扬你是天命所归,020_C170C_070,PlayVideo_Ordinary,__entryPoint
storyline_005_80355bb1a5,CL260_020_033,ShowChoice,0,是对是错，由后人评说吧,020_034,PlayVideo_Ordinary,__entryPoint
storyline_005_80355bb1a5,CL181_020_077,ShowChoice,0,是,020_C181A_078,PlayVideo_Ordinary,__entryPoint
storyline_005_80355bb1a5,CL181_020_077,ShowChoice,1,否,Link_Lead,Link_Lead,__entryPoint
storyline_005_a2888dd30d,CL010_019_002,ShowChoice,0,顺势造谣太子，火上浇油,019_C010A_003,PlayVideo_Ordinary,__entryPoint
storyline_005_a2888dd30d,CL010_019_002,ShowChoice,1,遏制传言，严惩非议太子之人,019_C010B_004,PlayVideo_Ordinary,__entryPoint
storyline_005_a2888dd30d,C050_019_023,ShowChoice,0,我心里，一直有陛下,019_C050A_024,PlayVideo_Ordinary,__entryPoint
storyline_005_a2888dd30d,CL030_019_009,ShowChoice,0,十四岁入宫时被赠牡丹钿花,019_C030A_010,PlayVideo_Ordinary,__entryPoint
storyline_005_a2888dd30d,CL030_019_009,ShowChoice,2,封后大典，我怀着你走向你的父皇,019_C030C_012,PlayVideo_Ordinary,__entryPoint
storyline_005_a2888dd30d,CL030_019_009,ShowChoice,1,南山狩猎，我救了你的父皇,019_C030B_011,PlayVideo_Ordinary,__entryPoint
storyline_005_a2888dd30d,CL040_019_013,ShowChoice,0,陛下偏爱礼显，有意更换太子,019_C040B_015,PlayVideo_Ordinary,__entryPoint
storyline_005_a2888dd30d,CL040_019_013,ShowChoice,1,陛下和我有意提前将皇位托付给你,019_C040A_016,PlayVideo_Ordinary,__entryPoint
storyline_005_a2888dd30d,C020_019_006,ShowChoice,0,即刻离开,N01_019_C020B_008,PlayVideo_Ordinary,__entryPoint
storyline_005_a2888dd30d,C020_019_006,ShowChoice,1,照常进入,019_C020A_007,PlayVideo_Ordinary,__entryPoint
storyline_005_a2888dd30d,C051_019_030,ShowChoice,0,看,019_C050A_033,PlayVideo_Ordinary,__entryPoint
storyline_005_a2888dd30d,C051_019_030,ShowChoice,1,不看,019_C050B_034,PlayVideo_Ordinary,__entryPoint
storyline_005_a2888dd30d,C050_019_023,ShowChoice,3,选项 D,019_026,PlayVideo_Ordinary,__entryPoint
storyline_005_a2888dd30d,C050_019_023,ShowChoice,2,从未爱过,019_C050B_025,PlayVideo_Ordinary,__entryPoint
storyline_005_a2888dd30d,C050_019_023,ShowChoice,1,爱过,019_C050C_035,PlayVideo_Ordinary,__entryPoint
storyline_006_5ca9f187a8,CL090_S01_044,ShowChoice,0,答应,B09_S01_C090A_045,PlayVideo_Ordinary,__entryPoint
storyline_006_5ca9f187a8,CL080_S01_039,ShowChoice,0,看来在我身上，有楼主觉得更重要的价值,S01_C080A_040,PlayVideo_Ordinary,__entryPoint
storyline_006_5ca9f187a8,CL080_S01_039,ShowChoice,1,看来我们是一条船上的了,S01_C070B_041,PlayVideo_Ordinary,__entryPoint
storyline_006_5ca9f187a8,CL010_S01_002,ShowChoice,1,杀了他,S01_C010B_004,PlayVideo_Ordinary,__entryPoint
storyline_006_5ca9f187a8,CL010_S01_002,ShowChoice,0,“带我走”,B01_S01_C010A_003,PlayVideo_Ordinary,__entryPoint
storyline_006_5ca9f187a8,CL020_S01_005,ShowChoice,1,贼喊捉贼，谎称刺客所为,B03_S01_C020B_007,PlayVideo_Ordinary,__entryPoint
storyline_006_5ca9f187a8,CL020_S01_005,ShowChoice,2,穿上刘熙的衣服，趁着月黑风高逃离,N04_S01_C020C_008,PlayVideo_Ordinary,__entryPoint
storyline_006_5ca9f187a8,CL020_S01_005,ShowChoice,0,匿藏尸体，继续在感业寺苟着,B02_S01_C020A_006,PlayVideo_Ordinary,__entryPoint
storyline_006_5ca9f187a8,CL040_S01_013,ShowChoice,1,胁迫夏女官包庇命案,S01_C040B_016,PlayVideo_Ordinary,__entryPoint
storyline_006_5ca9f187a8,CL040_S01_013,ShowChoice,0,趁其不备将她推入井中,S01_C040A_014,PlayVideo_Ordinary,__entryPoint
storyline_006_5ca9f187a8,CL040_S01_013,ShowChoice,2,表明真实身份，问她是否愿意和自己私奔,B_S01_C040C_018,PlayVideo_Ordinary,__entryPoint
storyline_006_5ca9f187a8,C030_S01_009,ShowChoice,1,扮演刘熙,S01_C030B_012,PlayVideo_Ordinary,__entryPoint
storyline_006_5ca9f187a8,C030_S01_009,ShowChoice,0,逃离,S01_C030A_010,PlayVideo_Ordinary,__entryPoint
storyline_006_5ca9f187a8,C060_S01_025,ShowChoice,0,与我无关,S01_C060A_026,PlayVideo_Ordinary,__entryPoint
storyline_006_5ca9f187a8,CL100_S01_050,ShowChoice,2,其实我辜负了魏王,S01_C100C_057,PlayVideo_Ordinary,__entryPoint
storyline_006_5ca9f187a8,CL130_S01_066,ShowChoice,0,告诉她,S01_C130A_067,PlayVideo_Ordinary,__entryPoint
storyline_006_5ca9f187a8,CL130_S01_066,ShowChoice,1,不告诉她,S01_C130B_068,PlayVideo_Ordinary,__entryPoint
storyline_006_5ca9f187a8,CL110_S01_058,ShowChoice,1,姐身上的人命早已数不清了,S01_C110B_060,PlayVideo_Ordinary,__entryPoint
storyline_006_5ca9f187a8,CL110_S01_058,ShowChoice,0,刘尚宫之死，我是被冤枉的,S01_C110A_059,PlayVideo_Ordinary,__entryPoint
storyline_006_5ca9f187a8,C060_S01_025,ShowChoice,1,救下韦贵妃的女儿,S01_C060B_027,PlayVideo_Ordinary,__entryPoint
storyline_006_5ca9f187a8,CL090_S01_044,ShowChoice,1,不答应,S01_C090B_046,PlayVideo_Ordinary,__entryPoint
storyline_006_5ca9f187a8,CL100_S01_050,ShowChoice,0,我怀了礼泰的孩子！,S01_C100A_051,PlayVideo_Ordinary,__entryPoint
storyline_006_5ca9f187a8,CL100_S01_050,ShowChoice,1,其实我被魏王辜负了,S01_C100B_054,PlayVideo_Ordinary,__entryPoint
storyline_006_5ca9f187a8,CL110_S01_058,ShowChoice,2,刘尚宫确实是我失手所杀,S01_C110C_047,PlayVideo_Ordinary,__entryPoint
storyline_006_5ca9f187a8,CL140_S01_070,ShowChoice,0,别杀我，我来助你完成任务,S01_C140A_071,PlayVideo_Ordinary,__entryPoint
storyline_006_5ca9f187a8,CL140_S01_070,ShowChoice,1,别冲动，我是方圆脸，你是鹅蛋脸！,S01_C140B_072,PlayVideo_Ordinary,__entryPoint
storyline_006_5ca9f187a8,CL140_S01_070,ShowChoice,2,魏王狡诈，不会上钩的,S01_C140B_073,PlayVideo_Ordinary,__entryPoint
storyline_006_5ca9f187a8,C141_S01_075,ShowChoice,0,用月儿所赠药粉洒向她,B15_S01_076,PlayVideo_Ordinary,__entryPoint
storyline_006_5ca9f187a8,CL021_S01_086,ShowChoice,0,护身符,S01_C021A_087,PlayVideo_Ordinary,__entryPoint
storyline_006_5ca9f187a8,CL021_S01_086,ShowChoice,1,日月相映簪,S01_C021B_088,PlayVideo_Ordinary,__entryPoint
storyline_006_5ca9f187a8,CL021_S01_086,ShowChoice,2,鸢飞戾天簪,S01_C021C_089,PlayVideo_Ordinary,__entryPoint
storyline_006_5ca9f187a8,CL050_S01_019,ShowChoice,0,牡丹花钿,B07_S01_C050A_020,PlayVideo_Ordinary,__entryPoint
storyline_006_5ca9f187a8,CL050_S01_019,ShowChoice,1,日月相映簪,S01_C050B_021,PlayVideo_Ordinary,__entryPoint
storyline_006_5ca9f187a8,CL050_S01_019,ShowChoice,2,鸢飞戾天簪,S01_C050C_022,PlayVideo_Ordinary,__entryPoint
storyline_006_5ca9f187a8,CL050_S01_019,ShowChoice,3,护身符,S01_C050D_023,PlayVideo_Ordinary,__entryPoint
storyline_006_5ca9f187a8,CL070_S01_032,ShowChoice,0,握住刘熙的手，和她坠入永恒的无间,B08_S01_C070B_034,PlayVideo_Ordinary,__entryPoint
storyline_006_5ca9f187a8,CL070_S01_032,ShowChoice,1,滚，我此生绝不会放弃,S01_C070C_035,PlayVideo_Ordinary,__entryPoint
storyline_006_80355bb1a5,CL050_020_021,ShowChoice,1,礼氏皇族，彰显我方正统,020_C050B_023,PlayVideo_Ordinary,__entryPoint
storyline_006_80355bb1a5,CL050_020_021,ShowChoice,0,伍家外戚，眼下全族都在一条船上,B07_020_C050A_022,PlayVideo_Ordinary,__entryPoint
storyline_006_80355bb1a5,CL050_020_021,ShowChoice,2,徐家亲族，让他们自相残杀,B08_020_C050C_024,PlayVideo_Ordinary,__entryPoint
storyline_006_80355bb1a5,CL130_020_059,ShowChoice,0,让他活着见证你的盛世,020_C130A_060,PlayVideo_Ordinary,__entryPoint
storyline_006_80355bb1a5,CL130_020_059,ShowChoice,1,赐他一死,020_C130B_061,PlayVideo_Ordinary,__entryPoint
storyline_006_80355bb1a5,CL120_020_054,ShowChoice,0,我会连同世人偏见一起扑灭,020_C120B_056,PlayVideo_Ordinary,__entryPoint
storyline_006_80355bb1a5,CL120_020_054,ShowChoice,1,那我便在骂名中开创我的太平盛世,020_C120C_057,PlayVideo_Ordinary,__entryPoint
storyline_006_80355bb1a5,CL030_020_013,ShowChoice,1,另立新君，继续垂帘听政,020_C030B_015,PlayVideo_Ordinary,__entryPoint
storyline_006_80355bb1a5,CL030_020_013,ShowChoice,0,自己登基称帝,B05_020_C030A_014,PlayVideo_Ordinary,__entryPoint
storyline_006_80355bb1a5,CL140_020_050,ShowChoice,1,为何喜欢读书,020_C140B_052,PlayVideo_Ordinary,__entryPoint
storyline_006_80355bb1a5,CL140_020_050,ShowChoice,0,你觉得你的祖父上官宜，冤吗,020_C140A_051,PlayVideo_Ordinary,__entryPoint
storyline_006_80355bb1a5,CL010_020_005,ShowChoice,1,废了皇帝,020_C010B_007,PlayVideo_Ordinary,__entryPoint
storyline_006_80355bb1a5,CL010_020_005,ShowChoice,0,架空新帝，以太后身份做无冕女皇,N01_20_C010A_006,PlayVideo_Ordinary,__entryPoint
storyline_006_80355bb1a5,CL090_020_028,ShowChoice,1,离开,020_C090B_030,PlayVideo_Ordinary,__entryPoint
storyline_006_80355bb1a5,CL090_020_028,ShowChoice,0,留下,B09_020_C090A_029,PlayVideo_Ordinary,__entryPoint
storyline_006_80355bb1a5,CL020_020_008,ShowChoice,3,羽林军：动用他们强制废帝,020_C020D_012,PlayVideo_Ordinary,__entryPoint
storyline_006_80355bb1a5,CL020_020_008,ShowChoice,0,皇帝礼显：让他自请退位,N02_020_C020A_009,PlayVideo_Ordinary,__entryPoint
storyline_006_80355bb1a5,CL020_020_008,ShowChoice,2,众位宰相：允诺他们入功臣榜,N04_020_C020C_011,PlayVideo_Ordinary,__entryPoint
storyline_006_80355bb1a5,CL020_020_008,ShowChoice,1,韦皇后：允诺她换帝不换后,N03_020_C020B_010,PlayVideo_Ordinary,__entryPoint
storyline_006_80355bb1a5,CL160_020_063,ShowChoice,1,修建更多寺庙,020_C160B_065,PlayVideo_Ordinary,__entryPoint
storyline_006_80355bb1a5,CL160_020_063,ShowChoice,0,修建新的皇宫,020_C160A_064,PlayVideo_Ordinary,__entryPoint
storyline_006_80355bb1a5,CL160_020_063,ShowChoice,2,修建象征皇权的明堂,020_C160C_066,PlayVideo_Ordinary,__entryPoint
storyline_006_80355bb1a5,CL070_020_041,ShowChoice,0,我做这些，都是为了盛朝,020_C070A_042,PlayVideo_Ordinary,__entryPoint
storyline_006_80355bb1a5,CL070_020_041,ShowChoice,2,我做这些，都是为了我的野心,020_C070C_044,PlayVideo_Ordinary,__entryPoint
storyline_006_80355bb1a5,CL070_020_041,ShowChoice,1,我做这些，都是为了先帝,020_C070B_043,PlayVideo_Ordinary,__entryPoint
storyline_006_80355bb1a5,CL040_020_016,ShowChoice,1,将他关入大牢,B06_020_C040B_018,PlayVideo_Ordinary,__entryPoint
storyline_006_80355bb1a5,CL040_020_016,ShowChoice,0,骂醒他！,020_C040A_017,PlayVideo_Ordinary,__entryPoint
storyline_006_80355bb1a5,CL040_020_016,ShowChoice,2,允了！,020_C040C_019,PlayVideo_Ordinary,__entryPoint
storyline_006_80355bb1a5,CL170_020_067,ShowChoice,1,用祥瑞事件宣扬你是天命所归,020_C170B_069,PlayVideo_Ordinary,__entryPoint
storyline_006_80355bb1a5,CL170_020_067,ShowChoice,0,用民谣宣扬你是天命所归,020_C170A_068,PlayVideo_Ordinary,__entryPoint
storyline_006_80355bb1a5,CL170_020_067,ShowChoice,2,用女主伍王宣扬你是天命所归,020_C170C_070,PlayVideo_Ordinary,__entryPoint
storyline_006_80355bb1a5,CL260_020_033,ShowChoice,0,是对是错，由后人评说吧,020_034,PlayVideo_Ordinary,__entryPoint
storyline_006_80355bb1a5,CL181_020_077,ShowChoice,0,是,020_C181A_078,PlayVideo_Ordinary,__entryPoint
storyline_006_80355bb1a5,CL181_020_077,ShowChoice,1,否,Link_Lead,Link_Lead,__entryPoint
storyline_007_5ca9f187a8,CL090_S01_044,ShowChoice,0,答应,B09_S01_C090A_045,PlayVideo_Ordinary,__entryPoint
storyline_007_5ca9f187a8,CL080_S01_039,ShowChoice,0,看来在我身上，有楼主觉得更重要的价值,S01_C080A_040,PlayVideo_Ordinary,__entryPoint
storyline_007_5ca9f187a8,CL080_S01_039,ShowChoice,1,看来我们是一条船上的了,S01_C070B_041,PlayVideo_Ordinary,__entryPoint
storyline_007_5ca9f187a8,CL010_S01_002,ShowChoice,1,杀了他,S01_C010B_004,PlayVideo_Ordinary,__entryPoint
storyline_007_5ca9f187a8,CL010_S01_002,ShowChoice,0,“带我走”,B01_S01_C010A_003,PlayVideo_Ordinary,__entryPoint
storyline_007_5ca9f187a8,CL020_S01_005,ShowChoice,1,贼喊捉贼，谎称刺客所为,B03_S01_C020B_007,PlayVideo_Ordinary,__entryPoint
storyline_007_5ca9f187a8,CL020_S01_005,ShowChoice,2,穿上刘熙的衣服，趁着月黑风高逃离,N04_S01_C020C_008,PlayVideo_Ordinary,__entryPoint
storyline_007_5ca9f187a8,CL020_S01_005,ShowChoice,0,匿藏尸体，继续在感业寺苟着,B02_S01_C020A_006,PlayVideo_Ordinary,__entryPoint
storyline_007_5ca9f187a8,CL040_S01_013,ShowChoice,1,胁迫夏女官包庇命案,S01_C040B_016,PlayVideo_Ordinary,__entryPoint
storyline_007_5ca9f187a8,CL040_S01_013,ShowChoice,0,趁其不备将她推入井中,S01_C040A_014,PlayVideo_Ordinary,__entryPoint
storyline_007_5ca9f187a8,CL040_S01_013,ShowChoice,2,表明真实身份，问她是否愿意和自己私奔,B_S01_C040C_018,PlayVideo_Ordinary,__entryPoint
storyline_007_5ca9f187a8,C030_S01_009,ShowChoice,1,扮演刘熙,S01_C030B_012,PlayVideo_Ordinary,__entryPoint
storyline_007_5ca9f187a8,C030_S01_009,ShowChoice,0,逃离,S01_C030A_010,PlayVideo_Ordinary,__entryPoint
storyline_007_5ca9f187a8,C060_S01_025,ShowChoice,0,与我无关,S01_C060A_026,PlayVideo_Ordinary,__entryPoint
storyline_007_5ca9f187a8,CL100_S01_050,ShowChoice,2,其实我辜负了魏王,S01_C100C_057,PlayVideo_Ordinary,__entryPoint
storyline_007_5ca9f187a8,CL130_S01_066,ShowChoice,0,告诉她,S01_C130A_067,PlayVideo_Ordinary,__entryPoint
storyline_007_5ca9f187a8,CL130_S01_066,ShowChoice,1,不告诉她,S01_C130B_068,PlayVideo_Ordinary,__entryPoint
storyline_007_5ca9f187a8,CL110_S01_058,ShowChoice,1,姐身上的人命早已数不清了,S01_C110B_060,PlayVideo_Ordinary,__entryPoint
storyline_007_5ca9f187a8,CL110_S01_058,ShowChoice,0,刘尚宫之死，我是被冤枉的,S01_C110A_059,PlayVideo_Ordinary,__entryPoint
storyline_007_5ca9f187a8,C060_S01_025,ShowChoice,1,救下韦贵妃的女儿,S01_C060B_027,PlayVideo_Ordinary,__entryPoint
storyline_007_5ca9f187a8,CL090_S01_044,ShowChoice,1,不答应,S01_C090B_046,PlayVideo_Ordinary,__entryPoint
storyline_007_5ca9f187a8,CL100_S01_050,ShowChoice,0,我怀了礼泰的孩子！,S01_C100A_051,PlayVideo_Ordinary,__entryPoint
storyline_007_5ca9f187a8,CL100_S01_050,ShowChoice,1,其实我被魏王辜负了,S01_C100B_054,PlayVideo_Ordinary,__entryPoint
storyline_007_5ca9f187a8,CL110_S01_058,ShowChoice,2,刘尚宫确实是我失手所杀,S01_C110C_047,PlayVideo_Ordinary,__entryPoint
storyline_007_5ca9f187a8,CL140_S01_070,ShowChoice,0,别杀我，我来助你完成任务,S01_C140A_071,PlayVideo_Ordinary,__entryPoint
storyline_007_5ca9f187a8,CL140_S01_070,ShowChoice,1,别冲动，我是方圆脸，你是鹅蛋脸！,S01_C140B_072,PlayVideo_Ordinary,__entryPoint
storyline_007_5ca9f187a8,CL140_S01_070,ShowChoice,2,魏王狡诈，不会上钩的,S01_C140B_073,PlayVideo_Ordinary,__entryPoint
storyline_007_5ca9f187a8,C141_S01_075,ShowChoice,0,用月儿所赠药粉洒向她,B15_S01_076,PlayVideo_Ordinary,__entryPoint
storyline_007_5ca9f187a8,CL021_S01_086,ShowChoice,0,护身符,S01_C021A_087,PlayVideo_Ordinary,__entryPoint
storyline_007_5ca9f187a8,CL021_S01_086,ShowChoice,1,日月相映簪,S01_C021B_088,PlayVideo_Ordinary,__entryPoint
storyline_007_5ca9f187a8,CL021_S01_086,ShowChoice,2,鸢飞戾天簪,S01_C021C_089,PlayVideo_Ordinary,__entryPoint
storyline_007_5ca9f187a8,CL050_S01_019,ShowChoice,0,牡丹花钿,B07_S01_C050A_020,PlayVideo_Ordinary,__entryPoint
storyline_007_5ca9f187a8,CL050_S01_019,ShowChoice,1,日月相映簪,S01_C050B_021,PlayVideo_Ordinary,__entryPoint
storyline_007_5ca9f187a8,CL050_S01_019,ShowChoice,2,鸢飞戾天簪,S01_C050C_022,PlayVideo_Ordinary,__entryPoint
storyline_007_5ca9f187a8,CL050_S01_019,ShowChoice,3,护身符,S01_C050D_023,PlayVideo_Ordinary,__entryPoint
storyline_007_5ca9f187a8,CL070_S01_032,ShowChoice,0,握住刘熙的手，和她坠入永恒的无间,B08_S01_C070B_034,PlayVideo_Ordinary,__entryPoint
storyline_007_5ca9f187a8,CL070_S01_032,ShowChoice,1,滚，我此生绝不会放弃,S01_C070C_035,PlayVideo_Ordinary,__entryPoint
storyline_007_6b350e5aaf,CL150_S02_002,ShowChoice,2,为了在死前见殿下最后一面~,S02_C150C_005,PlayVideo_Ordinary,__entryPoint
storyline_007_6b350e5aaf,CL150_S02_002,ShowChoice,1,能和殿下偶遇，我怎么能不来？,S02_C150B_004,PlayVideo_Ordinary,__entryPoint
storyline_007_6b350e5aaf,CL150_S02_002,ShowChoice,0,为了看看宫墙外面的新世界,S02_C150A_003,PlayVideo_Ordinary,__entryPoint
storyline_007_6b350e5aaf,CL160_S02_007,ShowChoice,2,姐的事，知道越少，对你越安全,S02_C160C_011,PlayVideo_Ordinary,__entryPoint
storyline_007_6b350e5aaf,CL160_S02_007,ShowChoice,0,她仰慕魏王多年,S02_C160A_008,PlayVideo_Ordinary,__entryPoint
storyline_007_6b350e5aaf,CL160_S02_007,ShowChoice,1,她是蜃楼的细作,S02_C160B_010,PlayVideo_Ordinary,__entryPoint
storyline_007_6b350e5aaf,CL170_S02_014,ShowChoice,0,可我不想和殿下成为过去,S02_C170A_015,PlayVideo_Ordinary,__entryPoint
storyline_007_6b350e5aaf,CL170_S02_014,ShowChoice,1,（委屈）原来在殿下心里，竟然都过去了吗？,S02_C170B_016,PlayVideo_Ordinary,__entryPoint
storyline_007_6b350e5aaf,CL210_S02_023,ShowChoice,0,我们卖的不是货，是故事,S02_C210A_028,PlayVideo_Ordinary,__entryPoint
storyline_007_6b350e5aaf,CL210_S02_023,ShowChoice,2,这是我们一点心意，请笑纳,S02_C210C_024,PlayVideo_Ordinary,__entryPoint
storyline_007_6b350e5aaf,CL210_S02_023,ShowChoice,1,我的身份说出来把你吓死！,S02_C210B_026,PlayVideo_Ordinary,__entryPoint
storyline_007_6b350e5aaf,CL220_S02_029,ShowChoice,1,高扬，跟我一起走吧！,S02_C220B_031,PlayVideo_Ordinary,__entryPoint
storyline_007_6b350e5aaf,CL220_S02_029,ShowChoice,0,以退为进：媚娘愿意死在公主手中,S02_C220A_030,PlayVideo_Ordinary,__entryPoint
storyline_007_6b350e5aaf,CL230_S02_033,ShowChoice,0,赶紧离开，以礼泰的死讯去换解药,B25_S02_C230A_034,PlayVideo_Ordinary,__entryPoint
storyline_007_6b350e5aaf,CL230_S02_033,ShowChoice,1,兑现承诺，助礼泰拿下袁礼臣,S02_C230B_035,PlayVideo_Ordinary,__entryPoint
storyline_007_6b350e5aaf,CL240_S02_039,ShowChoice,1,留下,S02_C240B_041,PlayVideo_Ordinary,__entryPoint
storyline_007_6b350e5aaf,CL240_S02_039,ShowChoice,0,逃走,S02_C240A_040,PlayVideo_Ordinary,__entryPoint
storyline_007_6b350e5aaf,CL250_S02_043,ShowChoice,1,你忘却同袍之死，却助纣为虐！,S02_C250C_045,PlayVideo_Ordinary,__entryPoint
storyline_007_6b350e5aaf,CL250_S02_043,ShowChoice,0,你若敢谋害皇子，便是犯了死罪！,B28_S02_C250B_044,PlayVideo_Ordinary,__entryPoint
storyline_007_6b350e5aaf,CL260_S02_046,ShowChoice,0,放心，我能策反西北都督徐效德,B29_S02_C260A_047,PlayVideo_Ordinary,__entryPoint
storyline_007_6b350e5aaf,CL260_S02_046,ShowChoice,1,你早说嘛，徐效德早就是魏王的人了,S02_C250B_048,PlayVideo_Ordinary,__entryPoint
storyline_007_6b350e5aaf,CL261_S02_049,ShowChoice,0,上，这是进一步刷新好感的好时机,S02_C261A_050,PlayVideo_Ordinary,__entryPoint
storyline_007_6b350e5aaf,CL270_S02_057,ShowChoice,2,魏王近日受伤，八块腹肌必将锐减至六块,S02_C270C_061,PlayVideo_Ordinary,__entryPoint
storyline_007_6b350e5aaf,CL270_S02_057,ShowChoice,1,魏王与袁礼臣已结盟,S02_C270B_060,PlayVideo_Ordinary,__entryPoint
storyline_007_6b350e5aaf,CL270_S02_057,ShowChoice,0,袁礼臣设鸿门宴，魏王受伤而归,S02_C270A_058,PlayVideo_Ordinary,__entryPoint
storyline_007_6b350e5aaf,CL280_S02_063,ShowChoice,0,这世界上，总有人值得我奋不顾身,S02_C280A_064,PlayVideo_Ordinary,__entryPoint
storyline_007_6b350e5aaf,CL280_S02_063,ShowChoice,1,因为殿下身上有我想要的东西,S02_C280A_065,PlayVideo_Ordinary,__entryPoint
storyline_007_6b350e5aaf,CL320_S02_070,ShowChoice,1,不告诉他,S02_C320B_072,PlayVideo_Ordinary,__entryPoint
storyline_007_6b350e5aaf,CL320_S02_070,ShowChoice,0,关心他，提示他调查蜃楼,S02_C320A_071,PlayVideo_Ordinary,__entryPoint
storyline_007_6b350e5aaf,CL290_S02_067,ShowChoice,0,告知,S02_C290A_068,PlayVideo_Ordinary,__entryPoint
storyline_007_6b350e5aaf,CL290_S02_067,ShowChoice,1,不告知,B32_S02_C290A_069,PlayVideo_Ordinary,__entryPoint
storyline_007_6b350e5aaf,CL190_S02_020,ShowChoice,0,趁着四下无人，杀了他,B19_C190_S02_021,PlayVideo_Ordinary,__entryPoint
storyline_007_6b350e5aaf,CL190_S02_020,ShowChoice,1,“殿下的这柄短刀，我很喜欢”,S02_C190B_022,PlayVideo_Ordinary,__entryPoint
storyline_007_6b350e5aaf,CL310_S02_086,ShowChoice,0,为了保护我自己,S02_C310A_087,PlayVideo_Ordinary,__entryPoint
storyline_007_6b350e5aaf,CL310_S02_086,ShowChoice,1,当然是为了保护殿下~,S02_C310B_088,PlayVideo_Ordinary,__entryPoint
storyline_007_6b350e5aaf,CL310_S02_086,ShowChoice,2,为了不需要被保护,S02_C310C_089,PlayVideo_Ordinary,__entryPoint
storyline_007_6b350e5aaf,CL221_S02_091,ShowChoice,0,魏王亲赴北境，会见袁礼臣将军,S02_C221A_092,PlayVideo_Ordinary,__entryPoint
storyline_007_6b350e5aaf,CL221_S02_091,ShowChoice,1,魏王和其部下兵分两路，暗查太尉罪证,S02_C221B_093,PlayVideo_Ordinary,__entryPoint
storyline_007_6b350e5aaf,CL221_S02_091,ShowChoice,2,魏王亲手杀了蜃楼细作箫念,B55_S02_C221C_094,PlayVideo_Ordinary,__entryPoint
storyline_007_6b350e5aaf,CL261_S02_049,ShowChoice,2,不上，回房睡觉,S02_C261C_051,PlayVideo_Ordinary,__entryPoint
storyline_007_6b350e5aaf,CL261_S02_049,ShowChoice,1,上，他是为我受伤的,S02_C261B_105,PlayVideo_Ordinary,__entryPoint
storyline_007_6b350e5aaf,CL320_S02_070,ShowChoice,2,殿下怎么这么关心我~？,S02_102,PlayVideo_Ordinary,__entryPoint
storyline_007_6b350e5aaf,CL232_S02_107,ShowChoice,0,刺向袁礼臣,B52_S02_C232A_108,PlayVideo_Ordinary,__entryPoint
storyline_007_6b350e5aaf,CL232_S02_107,ShowChoice,1,向魏王传递讯号,S02_C232B_109,PlayVideo_Ordinary,__entryPoint
storyline_008_6b350e5aaf,CL150_S02_002,ShowChoice,2,为了在死前见殿下最后一面~,S02_C150C_005,PlayVideo_Ordinary,__entryPoint
storyline_008_6b350e5aaf,CL150_S02_002,ShowChoice,1,能和殿下偶遇，我怎么能不来？,S02_C150B_004,PlayVideo_Ordinary,__entryPoint
storyline_008_6b350e5aaf,CL150_S02_002,ShowChoice,0,为了看看宫墙外面的新世界,S02_C150A_003,PlayVideo_Ordinary,__entryPoint
storyline_008_6b350e5aaf,CL160_S02_007,ShowChoice,2,姐的事，知道越少，对你越安全,S02_C160C_011,PlayVideo_Ordinary,__entryPoint
storyline_008_6b350e5aaf,CL160_S02_007,ShowChoice,0,她仰慕魏王多年,S02_C160A_008,PlayVideo_Ordinary,__entryPoint
storyline_008_6b350e5aaf,CL160_S02_007,ShowChoice,1,她是蜃楼的细作,S02_C160B_010,PlayVideo_Ordinary,__entryPoint
storyline_008_6b350e5aaf,CL170_S02_014,ShowChoice,0,可我不想和殿下成为过去,S02_C170A_015,PlayVideo_Ordinary,__entryPoint
storyline_008_6b350e5aaf,CL170_S02_014,ShowChoice,1,（委屈）原来在殿下心里，竟然都过去了吗？,S02_C170B_016,PlayVideo_Ordinary,__entryPoint
storyline_008_6b350e5aaf,CL210_S02_023,ShowChoice,0,我们卖的不是货，是故事,S02_C210A_028,PlayVideo_Ordinary,__entryPoint
storyline_008_6b350e5aaf,CL210_S02_023,ShowChoice,2,这是我们一点心意，请笑纳,S02_C210C_024,PlayVideo_Ordinary,__entryPoint
storyline_008_6b350e5aaf,CL210_S02_023,ShowChoice,1,我的身份说出来把你吓死！,S02_C210B_026,PlayVideo_Ordinary,__entryPoint
storyline_008_6b350e5aaf,CL220_S02_029,ShowChoice,1,高扬，跟我一起走吧！,S02_C220B_031,PlayVideo_Ordinary,__entryPoint
storyline_008_6b350e5aaf,CL220_S02_029,ShowChoice,0,以退为进：媚娘愿意死在公主手中,S02_C220A_030,PlayVideo_Ordinary,__entryPoint
storyline_008_6b350e5aaf,CL230_S02_033,ShowChoice,0,赶紧离开，以礼泰的死讯去换解药,B25_S02_C230A_034,PlayVideo_Ordinary,__entryPoint
storyline_008_6b350e5aaf,CL230_S02_033,ShowChoice,1,兑现承诺，助礼泰拿下袁礼臣,S02_C230B_035,PlayVideo_Ordinary,__entryPoint
storyline_008_6b350e5aaf,CL240_S02_039,ShowChoice,1,留下,S02_C240B_041,PlayVideo_Ordinary,__entryPoint
storyline_008_6b350e5aaf,CL240_S02_039,ShowChoice,0,逃走,S02_C240A_040,PlayVideo_Ordinary,__entryPoint
storyline_008_6b350e5aaf,CL250_S02_043,ShowChoice,1,你忘却同袍之死，却助纣为虐！,S02_C250C_045,PlayVideo_Ordinary,__entryPoint
storyline_008_6b350e5aaf,CL250_S02_043,ShowChoice,0,你若敢谋害皇子，便是犯了死罪！,B28_S02_C250B_044,PlayVideo_Ordinary,__entryPoint
storyline_008_6b350e5aaf,CL260_S02_046,ShowChoice,0,放心，我能策反西北都督徐效德,B29_S02_C260A_047,PlayVideo_Ordinary,__entryPoint
storyline_008_6b350e5aaf,CL260_S02_046,ShowChoice,1,你早说嘛，徐效德早就是魏王的人了,S02_C250B_048,PlayVideo_Ordinary,__entryPoint
storyline_008_6b350e5aaf,CL261_S02_049,ShowChoice,0,上，这是进一步刷新好感的好时机,S02_C261A_050,PlayVideo_Ordinary,__entryPoint
storyline_008_6b350e5aaf,CL270_S02_057,ShowChoice,2,魏王近日受伤，八块腹肌必将锐减至六块,S02_C270C_061,PlayVideo_Ordinary,__entryPoint
storyline_008_6b350e5aaf,CL270_S02_057,ShowChoice,1,魏王与袁礼臣已结盟,S02_C270B_060,PlayVideo_Ordinary,__entryPoint
storyline_008_6b350e5aaf,CL270_S02_057,ShowChoice,0,袁礼臣设鸿门宴，魏王受伤而归,S02_C270A_058,PlayVideo_Ordinary,__entryPoint
storyline_008_6b350e5aaf,CL280_S02_063,ShowChoice,0,这世界上，总有人值得我奋不顾身,S02_C280A_064,PlayVideo_Ordinary,__entryPoint
storyline_008_6b350e5aaf,CL280_S02_063,ShowChoice,1,因为殿下身上有我想要的东西,S02_C280A_065,PlayVideo_Ordinary,__entryPoint
storyline_008_6b350e5aaf,CL320_S02_070,ShowChoice,1,不告诉他,S02_C320B_072,PlayVideo_Ordinary,__entryPoint
storyline_008_6b350e5aaf,CL320_S02_070,ShowChoice,0,关心他，提示他调查蜃楼,S02_C320A_071,PlayVideo_Ordinary,__entryPoint
storyline_008_6b350e5aaf,CL290_S02_067,ShowChoice,0,告知,S02_C290A_068,PlayVideo_Ordinary,__entryPoint
storyline_008_6b350e5aaf,CL290_S02_067,ShowChoice,1,不告知,B32_S02_C290A_069,PlayVideo_Ordinary,__entryPoint
storyline_008_6b350e5aaf,CL190_S02_020,ShowChoice,0,趁着四下无人，杀了他,B19_C190_S02_021,PlayVideo_Ordinary,__entryPoint
storyline_008_6b350e5aaf,CL190_S02_020,ShowChoice,1,“殿下的这柄短刀，我很喜欢”,S02_C190B_022,PlayVideo_Ordinary,__entryPoint
storyline_008_6b350e5aaf,CL310_S02_086,ShowChoice,0,为了保护我自己,S02_C310A_087,PlayVideo_Ordinary,__entryPoint
storyline_008_6b350e5aaf,CL310_S02_086,ShowChoice,1,当然是为了保护殿下~,S02_C310B_088,PlayVideo_Ordinary,__entryPoint
storyline_008_6b350e5aaf,CL310_S02_086,ShowChoice,2,为了不需要被保护,S02_C310C_089,PlayVideo_Ordinary,__entryPoint
storyline_008_6b350e5aaf,CL221_S02_091,ShowChoice,0,魏王亲赴北境，会见袁礼臣将军,S02_C221A_092,PlayVideo_Ordinary,__entryPoint
storyline_008_6b350e5aaf,CL221_S02_091,ShowChoice,1,魏王和其部下兵分两路，暗查太尉罪证,S02_C221B_093,PlayVideo_Ordinary,__entryPoint
storyline_008_6b350e5aaf,CL221_S02_091,ShowChoice,2,魏王亲手杀了蜃楼细作箫念,B55_S02_C221C_094,PlayVideo_Ordinary,__entryPoint
storyline_008_6b350e5aaf,CL261_S02_049,ShowChoice,2,不上，回房睡觉,S02_C261C_051,PlayVideo_Ordinary,__entryPoint
storyline_008_6b350e5aaf,CL261_S02_049,ShowChoice,1,上，他是为我受伤的,S02_C261B_105,PlayVideo_Ordinary,__entryPoint
storyline_008_6b350e5aaf,CL320_S02_070,ShowChoice,2,殿下怎么这么关心我~？,S02_102,PlayVideo_Ordinary,__entryPoint
storyline_008_6b350e5aaf,CL232_S02_107,ShowChoice,0,刺向袁礼臣,B52_S02_C232A_108,PlayVideo_Ordinary,__entryPoint
storyline_008_6b350e5aaf,CL232_S02_107,ShowChoice,1,向魏王传递讯号,S02_C232B_109,PlayVideo_Ordinary,__entryPoint
storyline_008_9fccb45504,CL420_S04_009,ShowChoice,1,从来都有,S04_C420B_011,PlayVideo_Ordinary,__entryPoint
storyline_008_9fccb45504,CL420_S04_009,ShowChoice,2,殿下很在意这个问题的答案吗？,S04_C420C_012,PlayVideo_Ordinary,__entryPoint
storyline_008_9fccb45504,CL420_S04_009,ShowChoice,0,沉默,S04_C420A_010,PlayVideo_Ordinary,__entryPoint
storyline_008_9fccb45504,CL430_S04_014,ShowChoice,0,被他打动,S04_C430A_015,PlayVideo_Ordinary,__entryPoint
storyline_008_9fccb45504,CL430_S04_014,ShowChoice,1,装作感动,S04_C430B_016,PlayVideo_Ordinary,__entryPoint
storyline_008_9fccb45504,CL440_S04_020,ShowChoice,1,用自己的方式助他，等他回来,S04_C440B_022,PlayVideo_Ordinary,__entryPoint
storyline_008_9fccb45504,CL440_S04_020,ShowChoice,0,我终于可以离开追寻我的新世界了,S04_C440A_021,PlayVideo_Ordinary,__entryPoint
storyline_008_9fccb45504,CL460_S04_023,ShowChoice,1,因为这里有我最在意的人~,S04_C460B_025,PlayVideo_Ordinary,__entryPoint
storyline_008_9fccb45504,CL460_S04_023,ShowChoice,0,你助我得到解药，我自当还恩,S04_C460A_024,PlayVideo_Ordinary,__entryPoint
storyline_008_9fccb45504,CL461_S04_027,ShowChoice,0,此行，我和你同去,S04_C461A_028,PlayVideo_Ordinary,__entryPoint
storyline_008_9fccb45504,CL470_S04_040,ShowChoice,1,不记得,S04_C470B_042,PlayVideo_Ordinary,__entryPoint
storyline_008_9fccb45504,CL470_S04_040,ShowChoice,0,记得,S04_C470A_041,PlayVideo_Ordinary,__entryPoint
storyline_008_9fccb45504,CL480_S04_044,ShowChoice,0,魏王殿下,S04_C480A_045,PlayVideo_Ordinary,__entryPoint
storyline_008_9fccb45504,CL480_S04_044,ShowChoice,1,长孙太尉余党,S04_C480B_046,PlayVideo_Ordinary,__entryPoint
storyline_008_9fccb45504,CL481_S04_089,ShowChoice,1,魏王无力反叛,S04_C481B_091,PlayVideo_Ordinary,__entryPoint
storyline_008_9fccb45504,CL481_S04_089,ShowChoice,0,皇位非魏王所求,S04_C481A_090,PlayVideo_Ordinary,__entryPoint
storyline_008_9fccb45504,CL500_S04_053,ShowChoice,1,也许没有吧……,S04_C500B_055,PlayVideo_Ordinary,__entryPoint
storyline_008_9fccb45504,CL500_S04_053,ShowChoice,0,也许会有吧……,S04_C500A_054,PlayVideo_Ordinary,__entryPoint
storyline_008_9fccb45504,CL510_S04_057,ShowChoice,0,等哪天暮色像今天这般美，而我又很想殿下时,S04_C510A_058,PlayVideo_Ordinary,__entryPoint
storyline_008_9fccb45504,CL510_S04_057,ShowChoice,1,很快就回来~,S04_C510B_063,PlayVideo_Ordinary,__entryPoint
storyline_008_9fccb45504,CL400_S04_002,ShowChoice,0,即刻带走罪证，和蜃楼换解药,S04_C400A_003,PlayVideo_Ordinary,__entryPoint
storyline_008_9fccb45504,CL400_S04_002,ShowChoice,1,不带走罪证，舍命全力助魏王,B39_S04_C400A_006,PlayVideo_Ordinary,__entryPoint
storyline_008_9fccb45504,CL400_S04_002,ShowChoice,2,和礼泰摊牌，求他去蜃楼取解药,B40_S04_C400C_007,PlayVideo_Ordinary,__entryPoint
storyline_008_9fccb45504,CL400_S04_002,ShowChoice,3,赌一把，引他交出罪证换解药,S04_C400D_008,PlayVideo_Ordinary,__entryPoint
storyline_008_9fccb45504,CL411_S04_077,ShowChoice,0,不看,N38_S04_079,PlayVideo_Ordinary,__entryPoint
storyline_008_9fccb45504,CL411_S04_077,ShowChoice,1,看,S04_C420B_078,PlayVideo_Ordinary,__entryPoint
storyline_008_9fccb45504,CL461_S04_027,ShowChoice,2,看来只有谋反这一条路可走【危】,S04_C461C_029,PlayVideo_Ordinary,__entryPoint
storyline_008_9fccb45504,CL461_S04_027,ShowChoice,1,殿下一切小心,H60_S04_083,PlayVideo_Ordinary,__entryPoint
storyline_008_9fccb45504,CL471_S04_085,ShowChoice,0,默默旁观,S04_C471A_086,PlayVideo_Ordinary,__entryPoint
storyline_008_9fccb45504,CL471_S04_085,ShowChoice,1,我替魏王喝！,S04_C471B_087,PlayVideo_Ordinary,__entryPoint
storyline_008_9fccb45504,CL471_S04_085,ShowChoice,2,陛下，我也想要一杯,S04_C471C_088,PlayVideo_Ordinary,__entryPoint
storyline_008_9fccb45504,CL480_S04_044,ShowChoice,2,北诏国等番邦诸国,S04_C480C_099,PlayVideo_Ordinary,__entryPoint
storyline_008_9fccb45504,CL481_S04_089,ShowChoice,2,魏王已用行动证明了忠心,S04_C481C_092,PlayVideo_Ordinary,__entryPoint
storyline_008_9fccb45504,CL530_S04_065,ShowChoice,0,不说真相，她因过错被陛下赐死,S04_C530A_066,PlayVideo_Ordinary,__entryPoint
storyline_008_9fccb45504,CL530_S04_065,ShowChoice,1,说出真相，她是被你设计害死,S04_C530B_067,PlayVideo_Ordinary,__entryPoint
storyline_009_a11568e081,CL050_010_013,ShowChoice,0,"请皇后做主,严惩刁奴！",B01_010_C050A_014,PlayVideo_Ordinary,__entryPoint
storyline_009_a11568e081,CL050_010_013,ShowChoice,1,我相信玲珑姐姐不是故意的,010_C050B_015,PlayVideo_Ordinary,__entryPoint
storyline_009_a11568e081,CL050_010_013,ShowChoice,2,"姨母,我不许你这样说皇后",010_C050C_016,PlayVideo_Ordinary,__entryPoint
storyline_009_a11568e081,CL070_009_020,ShowChoice,0,我的这条命早就是皇后的了,010_C070A_021,PlayVideo_Ordinary,__entryPoint
storyline_009_a11568e081,CL070_009_020,ShowChoice,1,奴婢着实有些吃不消了,010_C070B_022,PlayVideo_Ordinary,__entryPoint
storyline_009_a11568e081,CL070_009_020,ShowChoice,2,我就是喜欢干粗活,010_C070C_023,PlayVideo_Ordinary,__entryPoint
storyline_009_a11568e081,CL100_010_032,ShowChoice,0,"陛下,我想尽快母凭子贵",B04_010_C100A_033,PlayVideo_Ordinary,__entryPoint
storyline_009_a11568e081,CL100_010_032,ShowChoice,1,陛下该多陪陪皇后,010_C100B_034,PlayVideo_Ordinary,__entryPoint
storyline_009_a11568e081,CL100_010_032,ShowChoice,2,陛下该多陪陪萧舒妃,B03_010_C100C_035,PlayVideo_Ordinary,__entryPoint
storyline_009_a11568e081,CL110_010_036,ShowChoice,0,其实我不愿意陛下去陪皇后,B05_010_C110A_037,PlayVideo_Ordinary,__entryPoint
storyline_009_a11568e081,CL120_010_039,ShowChoice,0,主动为礼治布膳,010_C120A_040,PlayVideo_Ordinary,__entryPoint
storyline_009_a11568e081,CL120_010_039,ShowChoice,1,等待皇后吩咐,010_C120B_041,PlayVideo_Ordinary,__entryPoint
storyline_009_a11568e081,CL150_010_049,ShowChoice,0,主动和高扬打招呼,010_C150A_050,PlayVideo_Ordinary,__entryPoint
storyline_009_a11568e081,CL150_010_049,ShowChoice,1,沉默,010_C150B_051,PlayVideo_Ordinary,__entryPoint
storyline_009_a11568e081,CL160_010_143,ShowChoice,0,"浅笑,记在心里来日再报",B06_010_C160A_144,PlayVideo_Ordinary,__entryPoint
storyline_009_a11568e081,CL170_010_146,ShowChoice,0,擦,010_C170A_053,PlayVideo_Ordinary,__entryPoint
storyline_009_a11568e081,CL170_010_146,ShowChoice,1,不擦,010_C170B_054,PlayVideo_Ordinary,__entryPoint
storyline_009_a11568e081,CL210_010_069,ShowChoice,0,将此事即刻告知皇后,010_C210A_070,PlayVideo_Ordinary,__entryPoint
storyline_009_a11568e081,CL210_010_069,ShowChoice,1,"忘记奇怪的人和事,明天是崭新的",B08_010_C210B_071,PlayVideo_Ordinary,__entryPoint
storyline_009_a11568e081,CL220_010_078,ShowChoice,0,将错就错，顺势将祸水引给皇后,H10_010_C220A_079,PlayVideo_Ordinary,__entryPoint
storyline_009_a11568e081,CL220_010_078,ShowChoice,1,硬刚萧舒妃，力挺皇后清白,010_C220B_080,PlayVideo_Ordinary,__entryPoint
storyline_009_a11568e081,CL230_010_082,ShowChoice,0,诉说真心,010_C230A_083,PlayVideo_Ordinary,__entryPoint
storyline_009_a11568e081,CL230_010_082,ShowChoice,1,欲擒故纵,010_C230B_084,PlayVideo_Ordinary,__entryPoint
storyline_009_a11568e081,CL250_010_093,ShowChoice,0,我喜欢我的陛下,010_C250A_094,PlayVideo_Ordinary,__entryPoint
storyline_009_a11568e081,CL250_010_093,ShowChoice,1,故意不回答,010_C250B_095,PlayVideo_Ordinary,__entryPoint
storyline_009_a11568e081,CL250_010_093,ShowChoice,2,喜欢什么?,010_C250C_096,PlayVideo_Ordinary,__entryPoint
storyline_009_a11568e081,CL270_010_105,ShowChoice,0,分发给低等宫人们,010_C270A_106,PlayVideo_Ordinary,__entryPoint
storyline_009_a11568e081,CL290_010_116,ShowChoice,0,"先认同,后向舒妃报信引二人争斗",B13_010_C290C_119,PlayVideo_Ordinary,__entryPoint
storyline_009_a11568e081,CL310_010_125,ShowChoice,0,扮成蕊儿的怨魂，向刘熙“索命”,B18_010_CL310A_126,PlayVideo_Ordinary,__entryPoint
storyline_009_a11568e081,CL310_010_125,ShowChoice,1,将刘熙下狱，严刑拷打,010_C310B_127,PlayVideo_Ordinary,__entryPoint
storyline_009_a11568e081,CL350_010_137,ShowChoice,0,摧毁她的信仰,010_C350A_138,PlayVideo_Ordinary,__entryPoint
storyline_009_a11568e081,CL350_010_137,ShowChoice,1,“成全”她的信仰,010_C350B_139,PlayVideo_Ordinary,__entryPoint
storyline_009_a11568e081,CL360_010_141,ShowChoice,0,杀,010_142,PlayVideo_Ordinary,__entryPoint
storyline_009_a11568e081,CL360_010_141,ShowChoice,1,饶她一命,010_142,PlayVideo_Ordinary,__entryPoint
storyline_009_a11568e081,CL110_010_036,ShowChoice,1,这是我的真心话,010_C110B_038,PlayVideo_Ordinary,__entryPoint
storyline_009_a11568e081,CL160_010_143,ShowChoice,1,委屈得快要落泪,010_C160B_145,PlayVideo_Ordinary,__entryPoint
storyline_009_a11568e081,CL190_010_060,ShowChoice,0,烧掉,010_C190A_061,PlayVideo_Ordinary,__entryPoint
storyline_009_a11568e081,CL190_010_060,ShowChoice,1,留着,010_C190B_062,PlayVideo_Ordinary,__entryPoint
storyline_009_a11568e081,CL200_010_064,ShowChoice,0,"不理会她,直接离去",010_C200A_065,PlayVideo_Ordinary,__entryPoint
storyline_009_a11568e081,CL200_010_064,ShowChoice,1,陈说自己对皇后的忠心,010_C200B_066,PlayVideo_Ordinary,__entryPoint
storyline_009_a11568e081,CL200_010_064,ShowChoice,2,给她重重的一巴掌,010_C200C_067,PlayVideo_Ordinary,__entryPoint
storyline_009_a11568e081,CL270_010_105,ShowChoice,1,用来购买珍奇讨好皇后和刘贵妃,010_C270B_107,PlayVideo_Ordinary,__entryPoint
storyline_009_a11568e081,CL370_010_149,ShowChoice,0,照儿永远不会离开~,010_C240A_150,PlayVideo_Ordinary,__entryPoint
storyline_009_a11568e081,CL370_010_149,ShowChoice,1,照儿暂时不会离开~,010_C240B_151,PlayVideo_Ordinary,__entryPoint
storyline_009_a11568e081,CL240_010_089,ShowChoice,0,喜欢,010_C240A_090,PlayVideo_Ordinary,__entryPoint
storyline_009_a11568e081,CL240_010_089,ShowChoice,1,陛下觉得呢?,010_C240B_091,PlayVideo_Ordinary,__entryPoint
storyline_009_a11568e081,CL290_010_116,ShowChoice,2,"""请皇后为我做主,严惩萧舒妃！""",010_C290B_118,PlayVideo_Ordinary,__entryPoint
storyline_009_a11568e081,CL290_010_116,ShowChoice,1,"""我觉得背后的凶手另有其人""",B14_010_C290A_117,PlayVideo_Ordinary,__entryPoint
storyline_009_a11568e081,CL300_010_120,ShowChoice,1,让皇后允你调查刘熙,010_C300A_121,PlayVideo_Ordinary,__entryPoint
storyline_009_a11568e081,CL300_010_120,ShowChoice,0,让皇后允你全权彻查此事,B17_010_C300C_129,PlayVideo_Ordinary,__entryPoint
storyline_009_a11568e081,CL311_010_156,ShowChoice,0,扇她,010_CL311A_157,PlayVideo_Ordinary,__entryPoint
storyline_009_a11568e081,CL311_010_156,ShowChoice,1,不扇,Link_Lead,Link_Lead,__entryPoint
storyline_009_abf6427c82,CL330_S03_002,ShowChoice,1,不告诉他,S03_C330B_004,PlayVideo_Ordinary,__entryPoint
storyline_009_abf6427c82,CL330_S03_002,ShowChoice,0,告诉他你的梦境,S03_C330A_003,PlayVideo_Ordinary,__entryPoint
storyline_009_abf6427c82,CL340_S03_006,ShowChoice,0,给他一拳清醒,B33_S03_C340A_007,PlayVideo_Ordinary,__entryPoint
storyline_009_abf6427c82,CL340_S03_006,ShowChoice,2,魏王，你就从了吧,S03_C340C_009,PlayVideo_Ordinary,__entryPoint
storyline_009_abf6427c82,CL340_S03_006,ShowChoice,1,问徐敏慧的想法,S03_C340B_008,PlayVideo_Ordinary,__entryPoint
storyline_009_abf6427c82,CL350_S03_010,ShowChoice,0,这是好事啊,S03_C350A_011,PlayVideo_Ordinary,__entryPoint
storyline_009_abf6427c82,CL350_S03_010,ShowChoice,1,心中纵使有万般痛楚，也只能以大局为重,S03_C350A_012,PlayVideo_Ordinary,__entryPoint
storyline_009_abf6427c82,C370_S03_016,ShowChoice,1,难道你不想获得家人的祝福吗？,S03_C370B_019,PlayVideo_Ordinary,__entryPoint
storyline_009_abf6427c82,C370_S03_016,ShowChoice,0,你爹爹很想你！,S03_C370A_017,PlayVideo_Ordinary,__entryPoint
storyline_009_abf6427c82,C370_S03_016,ShowChoice,2,魏王比丹力赤有魅力多了！,S03_C370C_021,PlayVideo_Ordinary,__entryPoint
storyline_009_abf6427c82,C370_S03_016,ShowChoice,3,陛下比丹力赤有魅力多了！,S03_C370D_023,PlayVideo_Ordinary,__entryPoint
storyline_009_abf6427c82,CL380_S03_025,ShowChoice,0,劝徐敏慧回去,S03_C380A_026,PlayVideo_Ordinary,__entryPoint
storyline_009_abf6427c82,CL380_S03_025,ShowChoice,1,放弃带徐敏慧回去,S03_C380B_028,PlayVideo_Ordinary,__entryPoint
storyline_009_abf6427c82,CL351_S03_035,ShowChoice,0,躲进附近的箱子,B53_S03_C351A_036,PlayVideo_Ordinary,__entryPoint
storyline_009_abf6427c82,CL351_S03_035,ShowChoice,1,继续搬东西,S03_C351B_037,PlayVideo_Ordinary,__entryPoint
storyline_009_abf6427c82,CL381_S03_029,ShowChoice,0,“我奉子成婚，求父亲应允”,S03_C381A_030,PlayVideo_Ordinary,__entryPoint
storyline_009_abf6427c82,CL381_S03_029,ShowChoice,1,“我已和丹力赤成婚，谢父亲成全”,S03_C382B_031,PlayVideo_Ordinary,__entryPoint
storyline_009_abf6427c82,C370_S03_016,ShowChoice,4,Key:ShowChoice-C370_S03_016.choice+4.choiceText,B34_S03_018,PlayVideo_Ordinary,__entryPoint
storyline_009_abf6427c82,CL350_S03_010,ShowChoice,2,殿下就这么在意……,S03_039,PlayVideo_Ordinary,__entryPoint
storyline_010_9fccb45504,CL420_S04_009,ShowChoice,1,从来都有,S04_C420B_011,PlayVideo_Ordinary,__entryPoint
storyline_010_9fccb45504,CL420_S04_009,ShowChoice,2,殿下很在意这个问题的答案吗？,S04_C420C_012,PlayVideo_Ordinary,__entryPoint
storyline_010_9fccb45504,CL420_S04_009,ShowChoice,0,沉默,S04_C420A_010,PlayVideo_Ordinary,__entryPoint
storyline_010_9fccb45504,CL430_S04_014,ShowChoice,0,被他打动,S04_C430A_015,PlayVideo_Ordinary,__entryPoint
storyline_010_9fccb45504,CL430_S04_014,ShowChoice,1,装作感动,S04_C430B_016,PlayVideo_Ordinary,__entryPoint
storyline_010_9fccb45504,CL440_S04_020,ShowChoice,1,用自己的方式助他，等他回来,S04_C440B_022,PlayVideo_Ordinary,__entryPoint
storyline_010_9fccb45504,CL440_S04_020,ShowChoice,0,我终于可以离开追寻我的新世界了,S04_C440A_021,PlayVideo_Ordinary,__entryPoint
storyline_010_9fccb45504,CL460_S04_023,ShowChoice,1,因为这里有我最在意的人~,S04_C460B_025,PlayVideo_Ordinary,__entryPoint
storyline_010_9fccb45504,CL460_S04_023,ShowChoice,0,你助我得到解药，我自当还恩,S04_C460A_024,PlayVideo_Ordinary,__entryPoint
storyline_010_9fccb45504,CL461_S04_027,ShowChoice,0,此行，我和你同去,S04_C461A_028,PlayVideo_Ordinary,__entryPoint
storyline_010_9fccb45504,CL470_S04_040,ShowChoice,1,不记得,S04_C470B_042,PlayVideo_Ordinary,__entryPoint
storyline_010_9fccb45504,CL470_S04_040,ShowChoice,0,记得,S04_C470A_041,PlayVideo_Ordinary,__entryPoint
storyline_010_9fccb45504,CL480_S04_044,ShowChoice,0,魏王殿下,S04_C480A_045,PlayVideo_Ordinary,__entryPoint
storyline_010_9fccb45504,CL480_S04_044,ShowChoice,1,长孙太尉余党,S04_C480B_046,PlayVideo_Ordinary,__entryPoint
storyline_010_9fccb45504,CL481_S04_089,ShowChoice,1,魏王无力反叛,S04_C481B_091,PlayVideo_Ordinary,__entryPoint
storyline_010_9fccb45504,CL481_S04_089,ShowChoice,0,皇位非魏王所求,S04_C481A_090,PlayVideo_Ordinary,__entryPoint
storyline_010_9fccb45504,CL500_S04_053,ShowChoice,1,也许没有吧……,S04_C500B_055,PlayVideo_Ordinary,__entryPoint
storyline_010_9fccb45504,CL500_S04_053,ShowChoice,0,也许会有吧……,S04_C500A_054,PlayVideo_Ordinary,__entryPoint
storyline_010_9fccb45504,CL510_S04_057,ShowChoice,0,等哪天暮色像今天这般美，而我又很想殿下时,S04_C510A_058,PlayVideo_Ordinary,__entryPoint
storyline_010_9fccb45504,CL510_S04_057,ShowChoice,1,很快就回来~,S04_C510B_063,PlayVideo_Ordinary,__entryPoint
storyline_010_9fccb45504,CL400_S04_002,ShowChoice,0,即刻带走罪证，和蜃楼换解药,S04_C400A_003,PlayVideo_Ordinary,__entryPoint
storyline_010_9fccb45504,CL400_S04_002,ShowChoice,1,不带走罪证，舍命全力助魏王,B39_S04_C400A_006,PlayVideo_Ordinary,__entryPoint
storyline_010_9fccb45504,CL400_S04_002,ShowChoice,2,和礼泰摊牌，求他去蜃楼取解药,B40_S04_C400C_007,PlayVideo_Ordinary,__entryPoint
storyline_010_9fccb45504,CL400_S04_002,ShowChoice,3,赌一把，引他交出罪证换解药,S04_C400D_008,PlayVideo_Ordinary,__entryPoint
storyline_010_9fccb45504,CL411_S04_077,ShowChoice,0,不看,N38_S04_079,PlayVideo_Ordinary,__entryPoint
storyline_010_9fccb45504,CL411_S04_077,ShowChoice,1,看,S04_C420B_078,PlayVideo_Ordinary,__entryPoint
storyline_010_9fccb45504,CL461_S04_027,ShowChoice,2,看来只有谋反这一条路可走【危】,S04_C461C_029,PlayVideo_Ordinary,__entryPoint
storyline_010_9fccb45504,CL461_S04_027,ShowChoice,1,殿下一切小心,H60_S04_083,PlayVideo_Ordinary,__entryPoint
storyline_010_9fccb45504,CL471_S04_085,ShowChoice,0,默默旁观,S04_C471A_086,PlayVideo_Ordinary,__entryPoint
storyline_010_9fccb45504,CL471_S04_085,ShowChoice,1,我替魏王喝！,S04_C471B_087,PlayVideo_Ordinary,__entryPoint
storyline_010_9fccb45504,CL471_S04_085,ShowChoice,2,陛下，我也想要一杯,S04_C471C_088,PlayVideo_Ordinary,__entryPoint
storyline_010_9fccb45504,CL480_S04_044,ShowChoice,2,北诏国等番邦诸国,S04_C480C_099,PlayVideo_Ordinary,__entryPoint
storyline_010_9fccb45504,CL481_S04_089,ShowChoice,2,魏王已用行动证明了忠心,S04_C481C_092,PlayVideo_Ordinary,__entryPoint
storyline_010_9fccb45504,CL530_S04_065,ShowChoice,0,不说真相，她因过错被陛下赐死,S04_C530A_066,PlayVideo_Ordinary,__entryPoint
storyline_010_9fccb45504,CL530_S04_065,ShowChoice,1,说出真相，她是被你设计害死,S04_C530B_067,PlayVideo_Ordinary,__entryPoint
storyline_010_fba524bc18,CL010_011_002,ShowChoice,0,我刚被赶出来,011_C010A_003,PlayVideo_Ordinary,__entryPoint
storyline_010_fba524bc18,CL010_011_002,ShowChoice,1,我已经在门外徘徊好久了,011_C010B_004,PlayVideo_Ordinary,__entryPoint
storyline_010_fba524bc18,CL010_011_002,ShowChoice,2,我刚从里面出来,011_C010C_005,PlayVideo_Ordinary,__entryPoint
storyline_010_fba524bc18,CL180_011_019,ShowChoice,0,礼忠,011_C180A_020,PlayVideo_Ordinary,__entryPoint
storyline_010_fba524bc18,CL180_011_019,ShowChoice,1,素节,011_C180B_021,PlayVideo_Ordinary,__entryPoint
storyline_010_fba524bc18,CL180_011_019,ShowChoice,2,两人合谋,011_C180C_022,PlayVideo_Ordinary,__entryPoint
storyline_010_fba524bc18,CL030_011_024,ShowChoice,0,礼忠,011_C030A_025,PlayVideo_Ordinary,__entryPoint
storyline_010_fba524bc18,CL030_011_024,ShowChoice,1,素节,011_C030B_026,PlayVideo_Ordinary,__entryPoint
storyline_010_fba524bc18,CL030_011_024,ShowChoice,2,二人一起,011_C030C_027,PlayVideo_Ordinary,__entryPoint
storyline_010_fba524bc18,CL050_011_032,ShowChoice,0,慢慢柔情感召他,011_C050A_033,PlayVideo_Ordinary,__entryPoint
storyline_010_fba524bc18,CL050_011_032,ShowChoice,1,当即认他为义弟,B05_011_C050B_034,PlayVideo_Ordinary,__entryPoint
storyline_010_fba524bc18,CL060_011_035,ShowChoice,0,继续戴着,011_C060A_036,PlayVideo_Ordinary,__entryPoint
storyline_010_fba524bc18,CL060_011_035,ShowChoice,1,换一副一样的耳铛,H06_011_C060A_037,PlayVideo_Ordinary,__entryPoint
storyline_010_fba524bc18,CL060_011_035,ShowChoice,2,告诉礼治,B07_011_C060A_038,PlayVideo_Ordinary,__entryPoint
storyline_010_fba524bc18,CL070_011_039,ShowChoice,0,阻挠她们共同的儿子礼忠成为太子,B09_011_C070A_040,PlayVideo_Ordinary,__entryPoint
storyline_010_fba524bc18,CL070_011_039,ShowChoice,1,助她们共同的儿子礼忠成为太子,011_C070B_041,PlayVideo_Ordinary,__entryPoint
storyline_010_fba524bc18,CL070_011_039,ShowChoice,2,"让礼治多去陪刘贵妃,引皇后忌惮",B08_011_C070C_042,PlayVideo_Ordinary,__entryPoint
storyline_010_fba524bc18,CL110_011_052,ShowChoice,0,亲他一下,011_C070A_053,PlayVideo_Ordinary,__entryPoint
storyline_010_fba524bc18,CL110_011_052,ShowChoice,1,不亲,011_C070B_054,PlayVideo_Ordinary,__entryPoint
storyline_010_fba524bc18,CL120_011_056,ShowChoice,1,陛下还是立礼忠吧,011_C120B_058,PlayVideo_Ordinary,__entryPoint
storyline_010_fba524bc18,CL130_011_059,ShowChoice,0,留下,011_C130A_060,PlayVideo_Ordinary,__entryPoint
storyline_010_fba524bc18,CL130_011_059,ShowChoice,1,撩完就跑,011_C130B_061,PlayVideo_Ordinary,__entryPoint
storyline_010_fba524bc18,CL140_011_063,ShowChoice,0,"劝礼忠除去王皇后,扶持贵妃为后",B12_011_C140A_064,PlayVideo_Ordinary,__entryPoint
storyline_010_fba524bc18,CL140_011_063,ShowChoice,1,劝礼忠多在意母妃,011_C140B_065,PlayVideo_Ordinary,__entryPoint
storyline_010_fba524bc18,CL150_011_069,ShowChoice,0,"礼忠登基后,将尊刘贵妃为正宫太后",011_C150A_070,PlayVideo_Ordinary,__entryPoint
storyline_010_fba524bc18,CL150_011_069,ShowChoice,1,刘贵妃意图取代皇后,B14_011_C150B_071,PlayVideo_Ordinary,__entryPoint
storyline_010_fba524bc18,CL080_011_081,ShowChoice,1,夜行服偷偷潜入,011_083,PlayVideo_Ordinary,__entryPoint
storyline_010_fba524bc18,CL080_011_081,ShowChoice,0,穿才人装返场,011_082,PlayVideo_Ordinary,__entryPoint
storyline_010_fba524bc18,CL090_011_084,ShowChoice,0,从第一眼见到陛下时,011_C090A_085,PlayVideo_Ordinary,__entryPoint
storyline_010_fba524bc18,CL090_011_084,ShowChoice,1,从第一次陛下对我出手相助时,011_C090B_086,PlayVideo_Ordinary,__entryPoint
storyline_010_fba524bc18,CL090_011_084,ShowChoice,2,比陛下心悦于我更早之时,011_C090C_087,PlayVideo_Ordinary,__entryPoint
storyline_010_fba524bc18,CL090_011_084,ShowChoice,3,不告诉你~,011_C090D_088,PlayVideo_Ordinary,__entryPoint
storyline_010_fba524bc18,CL010_011_090,ShowChoice,0,尝一口,011_C100A_091,PlayVideo_Ordinary,__entryPoint
storyline_010_fba524bc18,CL010_011_090,ShowChoice,1,我不喜欢吃荔枝，我更喜欢吃礼治,011_C100B_092,PlayVideo_Ordinary,__entryPoint
storyline_010_fba524bc18,CL160_011_094,ShowChoice,1,陛下还是立礼忠吧,011_C160B_096,PlayVideo_Ordinary,__entryPoint
storyline_010_fba524bc18,CL160_011_094,ShowChoice,0,好，那我们赶快生一个吧,011_C160A_095,PlayVideo_Ordinary,__entryPoint
storyline_010_fba524bc18,CL120_011_056,ShowChoice,0,好，那我们赶快生一个吧,011_C120A_057,PlayVideo_Ordinary,__entryPoint
storyline_011_2ab7b312cd,CL010_009_002,ShowChoice,0,正常地请安,009_C010A_003,PlayVideo_Ordinary,__entryPoint
storyline_011_2ab7b312cd,CL010_009_002,ShowChoice,1,委屈地请安,009_C010B_004,PlayVideo_Ordinary,__entryPoint
storyline_011_2ab7b312cd,CL011_009_005,ShowChoice,0,回抱他,009_C011A_006,PlayVideo_Ordinary,__entryPoint
storyline_011_2ab7b312cd,CL011_009_005,ShowChoice,1,不抱他,009_C011B_007,PlayVideo_Ordinary,__entryPoint
storyline_011_2ab7b312cd,CL020_009_009,ShowChoice,0,答应,B01_009_C020A_010,PlayVideo_Ordinary,__entryPoint
storyline_011_2ab7b312cd,CL020_009_009,ShowChoice,1,不答应,009_C020B_011,PlayVideo_Ordinary,__entryPoint
storyline_011_2ab7b312cd,CL040_009_022,ShowChoice,0,利用萧舒妃对王皇后的不满,B02_009_C040A_023,PlayVideo_Ordinary,__entryPoint
storyline_011_2ab7b312cd,CL040_009_022,ShowChoice,1,利用王皇后对萧舒妃的忌惮,009_C040B_024,PlayVideo_Ordinary,__entryPoint
storyline_011_2ab7b312cd,CL070_009_025,ShowChoice,1,不卑不亢,009_C070B_026,PlayVideo_Ordinary,__entryPoint
storyline_011_2ab7b312cd,CL070_009_025,ShowChoice,0,懦弱胆小,009_C070A_032,PlayVideo_Ordinary,__entryPoint
storyline_011_2ab7b312cd,CL100_009_047,ShowChoice,2,我若成为陛下妃嫔，更能帮到皇后,B08_009_C100C_049,PlayVideo_Ordinary,__entryPoint
storyline_011_2ab7b312cd,CL120_009_053,ShowChoice,0,权力,009_C120A_054,PlayVideo_Ordinary,__entryPoint
storyline_011_2ab7b312cd,CL120_009_053,ShowChoice,1,礼治的心,009_C120B_055,PlayVideo_Ordinary,__entryPoint
storyline_011_2ab7b312cd,CL120_009_053,ShowChoice,2,我都要,009_C120C_056,PlayVideo_Ordinary,__entryPoint
storyline_011_2ab7b312cd,CL090_009_041,ShowChoice,0,其实……不止旧识这么简单,009_C090A_042,PlayVideo_Ordinary,__entryPoint
storyline_011_2ab7b312cd,CL090_009_041,ShowChoice,1,都是谣传,009_C090B_043,PlayVideo_Ordinary,__entryPoint
storyline_011_2ab7b312cd,CL090_009_041,ShowChoice,2,是真的,009_C090C_044,PlayVideo_Ordinary,__entryPoint
storyline_011_2ab7b312cd,CL071_009_027,ShowChoice,2,都是谣传,009_C071C_030,PlayVideo_Ordinary,__entryPoint
storyline_011_2ab7b312cd,CL071_009_027,ShowChoice,1,是真的,009_C071B_029,PlayVideo_Ordinary,__entryPoint
storyline_011_2ab7b312cd,CL071_009_027,ShowChoice,0,不止旧识那么简单,B03_009_C071A_028,PlayVideo_Ordinary,__entryPoint
storyline_011_2ab7b312cd,CL100_009_047,ShowChoice,0,奴婢愿意,009_C100B_050,PlayVideo_Ordinary,__entryPoint
storyline_011_2ab7b312cd,CL100_009_047,ShowChoice,1,我若成为御前婢女，更能帮到皇后  ,B07_009_C100A_048,PlayVideo_Ordinary,__entryPoint
storyline_012_6d5e9e3c52,CL030_013_020,ShowChoice,0,俸禄很高的虚职,013_C030A_021,PlayVideo_Ordinary,__entryPoint
storyline_012_6d5e9e3c52,CL030_013_020,ShowChoice,1,"俸禄低,但有实权的官位",013_C130B_022,PlayVideo_Ordinary,__entryPoint
storyline_012_6d5e9e3c52,CL060_013_027,ShowChoice,0,你忘了自己报国的初心吗,013_C060A_028,PlayVideo_Ordinary,__entryPoint
storyline_012_6d5e9e3c52,CL060_013_027,ShowChoice,1,你真的能在权臣掌下偷生吗？,013_C060B_030,PlayVideo_Ordinary,__entryPoint
storyline_012_6d5e9e3c52,CL060_013_027,ShowChoice,2,你不想洗清被污蔑的罪名吗？,013_031,PlayVideo_Ordinary,__entryPoint
storyline_012_6d5e9e3c52,CL070_013_033,ShowChoice,0,舅舅又如何？本宫还是他最爱的女人呢！,013_C070A_034,PlayVideo_Ordinary,__entryPoint
storyline_012_6d5e9e3c52,CL070_013_033,ShowChoice,1,长孙太尉可曾顾念亲情?,013_C070B_035,PlayVideo_Ordinary,__entryPoint
storyline_012_6d5e9e3c52,CL070_013_033,ShowChoice,2,"这天下,姓礼",013_C070C_036,PlayVideo_Ordinary,__entryPoint
storyline_012_6d5e9e3c52,CL090_013_039,ShowChoice,0,弹劾长孙太尉,N07_013_C090A_040,PlayVideo_Ordinary,__entryPoint
storyline_012_6d5e9e3c52,CL090_013_039,ShowChoice,1,奏请废后,013_C090B_041,PlayVideo_Ordinary,__entryPoint
storyline_012_6d5e9e3c52,CL090_013_039,ShowChoice,2,奏请封你为皇后,N06_013_C090C_042,PlayVideo_Ordinary,__entryPoint
storyline_012_6d5e9e3c52,CL120_013_046,ShowChoice,0,"呵,再给你一个机会,好好说话",013_C120A_047,PlayVideo_Ordinary,__entryPoint
storyline_012_6d5e9e3c52,CL120_013_046,ShowChoice,1,有本宫在，定不会让你明珠暗投,013_C120B_048,PlayVideo_Ordinary,__entryPoint
storyline_012_6d5e9e3c52,CL140_013_050,ShowChoice,0,"联合众人罢官,给长孙太尉施压",N09_013_C140A_051,PlayVideo_Ordinary,__entryPoint
storyline_012_6d5e9e3c52,CL140_013_050,ShowChoice,1,"在太尉身边安插细作,伺机刺杀",N10_013_C140B_052,PlayVideo_Ordinary,__entryPoint
storyline_012_6d5e9e3c52,CL140_013_050,ShowChoice,2,暗中拉拢被门阀打压的寒门官员,013_C140C_053,PlayVideo_Ordinary,__entryPoint
storyline_012_6d5e9e3c52,CL150_013_054,ShowChoice,0,陛下不是在徐婕妤那里吗?,013_C150A_055,PlayVideo_Ordinary,__entryPoint
storyline_012_6d5e9e3c52,CL150_013_054,ShowChoice,1,"我心冷,所以手冷",013_C150B_056,PlayVideo_Ordinary,__entryPoint
storyline_012_6d5e9e3c52,CL160_013_064,ShowChoice,0,借长孙太尉之手除去礼泰,013_C160A_065,PlayVideo_Ordinary,__entryPoint
storyline_012_6d5e9e3c52,CL160_013_064,ShowChoice,2,"作壁上观,默许他们两虎相争",013_C160C_067,PlayVideo_Ordinary,__entryPoint
storyline_012_6d5e9e3c52,CL170_013_069,ShowChoice,0,去见他,013_C170A_070,PlayVideo_Ordinary,__entryPoint
storyline_012_6d5e9e3c52,CL170_013_069,ShowChoice,1,不见,013_C170B_071,PlayVideo_Ordinary,__entryPoint
storyline_012_6d5e9e3c52,CL160_013_064,ShowChoice,1,借礼泰之手除去长孙太尉,013_C160B_066,PlayVideo_Ordinary,__entryPoint
storyline_012_6d5e9e3c52,CL141_013_099,ShowChoice,0,你姐姐是一个很好的人,013_C141A_100,PlayVideo_Ordinary,__entryPoint
storyline_012_6d5e9e3c52,CL141_013_099,ShowChoice,1,不太熟,013_C141B_101,PlayVideo_Ordinary,__entryPoint
storyline_012_6d5e9e3c52,CL141_013_099,ShowChoice,2,她是我的白月光,013_C141C_102,PlayVideo_Ordinary,__entryPoint
storyline_012_6d5e9e3c52,CL180_013_095,ShowChoice,0,信与不信，或许……没有意义了 ,013_C180A_096,PlayVideo_Ordinary,__entryPoint
storyline_012_6d5e9e3c52,CL180_013_095,ShowChoice,1,不信,013_C180B_097,PlayVideo_Ordinary,__entryPoint
storyline_012_6d5e9e3c52,CL180_013_095,ShowChoice,2,我信,013_C180C_098,PlayVideo_Ordinary,__entryPoint
storyline_012_6d5e9e3c52,CL190_013_121,ShowChoice,0,还给他,013_C190A_122,PlayVideo_Ordinary,__entryPoint
storyline_012_6d5e9e3c52,CL190_013_121,ShowChoice,1,留下,013_C190B_123,PlayVideo_Ordinary,__entryPoint
storyline_012_6d5e9e3c52,CL200_013_125,ShowChoice,0,魏王殿下，竟会问出这种愚蠢的问题,013_C200A_104,PlayVideo_Ordinary,__entryPoint
storyline_012_6d5e9e3c52,CL200_013_125,ShowChoice,1,不重要了,013_C200B_105,PlayVideo_Ordinary,__entryPoint
storyline_012_6d5e9e3c52,CL200_013_125,ShowChoice,2,有过,01_C200C_106,PlayVideo_Ordinary,__entryPoint
storyline_012_6d5e9e3c52,CL230_013_110,ShowChoice,0,不会有了,B13_013_C230A_111,PlayVideo_Ordinary,__entryPoint
storyline_012_6d5e9e3c52,CL230_013_110,ShowChoice,1,或许会有吧,013_C230B_112,PlayVideo_Ordinary,__entryPoint
storyline_012_6d5e9e3c52,CL210_013_114,ShowChoice,0,按律法处置,013_C210A_115,PlayVideo_Ordinary,__entryPoint
storyline_012_6d5e9e3c52,CL210_013_114,ShowChoice,1,留他一命,013_C210B_116,PlayVideo_Ordinary,__entryPoint
storyline_012_6d5e9e3c52,CL020_013_010,ShowChoice,3,再看一遍,QL010_013_002,PlayVideo_TraceBack,__entryPoint
storyline_012_6d5e9e3c52,CL110_013_043,ShowChoice,0,"放弃他,下次选人多做背调",N08_013_C110B_045,PlayVideo_Ordinary,__entryPoint
storyline_012_6d5e9e3c52,CL110_013_043,ShowChoice,1,"招揽他,我的人可以有忠奸善恶",013_C110A_044,PlayVideo_Ordinary,__entryPoint
storyline_012_6d5e9e3c52,CL020_013_010,ShowChoice,2,季怀衷,010C,Function_Storyline_If,__entryPoint
storyline_012_6d5e9e3c52,CL020_013_010,ShowChoice,1,萧良才,2,Function_Storyline_DynamicVideo,__entryPoint
storyline_012_6d5e9e3c52,CL020_013_010,ShowChoice,0,长孙送卿,1,Function_Storyline_DynamicVideo,__entryPoint
storyline_013_f995c3c3da,CL011_015_061,ShowChoice,0,让所有人看看礼忠的真面目,B11_015_C011A_062,PlayVideo_Ordinary,__entryPoint
storyline_013_f995c3c3da,C030_015_013,ShowChoice,0,任由他撞,015_C030A_014,PlayVideo_Ordinary,__entryPoint
storyline_013_f995c3c3da,C030_015_013,ShowChoice,1,"踏入朝堂,高声怒喝",015_C030B_015,PlayVideo_Ordinary,__entryPoint
storyline_013_f995c3c3da,CL040_015_019,ShowChoice,0,"你受命于先帝,不应忤逆陛下",015_C040A_020,PlayVideo_Ordinary,__entryPoint
storyline_013_f995c3c3da,CL040_015_019,ShowChoice,1,你应当坐在这龙椅上才是,015_C040B_022,PlayVideo_Ordinary,__entryPoint
storyline_013_f995c3c3da,C060_015_029,ShowChoice,0,难道你不知此战是为陛下？,C060A_030,PlayVideo_Ordinary,__entryPoint
storyline_013_f995c3c3da,C060_015_029,ShowChoice,2,Key:ShowChoice-C060_015_029.choice+2.choiceText,B08_015_032,PlayVideo_Ordinary,__entryPoint
storyline_013_f995c3c3da,C070_015_034,ShowChoice,0,“大司空毫无将士之风骨”,015_C070A_035,PlayVideo_Ordinary,__entryPoint
storyline_013_f995c3c3da,CL080_015_037,ShowChoice,0,五成!,015_CL080A_038,PlayVideo_Ordinary,__entryPoint
storyline_013_f995c3c3da,CL080_015_037,ShowChoice,1,七成!,B10_015_CL080B_040,PlayVideo_Ordinary,__entryPoint
storyline_013_f995c3c3da,C010_015_002,ShowChoice,0,宣御医强行拯救,H11_015_C010A_003,PlayVideo_Ordinary,__entryPoint
storyline_013_f995c3c3da,C060_015_029,ShowChoice,1,难道你不知此战是为同袍将士？,015_C060B_031,PlayVideo_Ordinary,__entryPoint
storyline_013_f995c3c3da,C070_015_034,ShowChoice,1,“大司空欲留灾祸与后人吗？”,015_C070B_036,PlayVideo_Ordinary,__entryPoint
storyline_013_f995c3c3da,CL080_015_037,ShowChoice,2,十成!,015_CL080C_042,PlayVideo_Ordinary,__entryPoint
storyline_013_f995c3c3da,CL090_015_057,ShowChoice,0,不答应,015_CL090A_058,PlayVideo_Ordinary,__entryPoint
storyline_013_f995c3c3da,CL090_015_057,ShowChoice,1,答应,015_CL090B_059,PlayVideo_Ordinary,__entryPoint
storyline_013_f995c3c3da,CL050_015_025,ShowChoice,0,和长孙太尉化敌为友,N06_015_C050A_027,PlayVideo_Ordinary,__entryPoint
storyline_013_f995c3c3da,CL050_015_025,ShowChoice,1,拉拢更多底层官员,N05_015_C050B_028,PlayVideo_Ordinary,__entryPoint
storyline_013_f995c3c3da,CL050_015_025,ShowChoice,2,拉拢掌握兵权的武将,015_C050C_026,PlayVideo_Ordinary,__entryPoint
storyline_013_f995c3c3da,C010_015_002,ShowChoice,1,忍住悲痛，借势定罪,015_C010C_005,PlayVideo_Ordinary,__entryPoint
storyline_013_f995c3c3da,CL011_015_061,ShowChoice,1,按下真相，嫁祸皇后,015_C011C_064,PlayVideo_Ordinary,__entryPoint
storyline_014_a546b85c7a,CL052_X_040_037,ShowChoice,1,唏嘘,X_040_C052B_039,PlayVideo_Ordinary,__entryPoint
storyline_014_a546b85c7a,CL052_X_040_037,ShowChoice,2,波澜不惊,X_040_C052C_040,PlayVideo_Ordinary,__entryPoint
storyline_014_a546b85c7a,CL052_X_040_037,ShowChoice,0,爽快,X_040_C052A_038,PlayVideo_Ordinary,__entryPoint
storyline_014_a546b85c7a,CL053_X_040_042,ShowChoice,1,直接逃离,X_040_C053B_044,PlayVideo_Ordinary,__entryPoint
storyline_014_a546b85c7a,CL053_X_040_042,ShowChoice,0,匿藏刘熙尸体,X_040_C053A_043,PlayVideo_Ordinary,__entryPoint
storyline_014_a546b85c7a,CL053_X_040_042,ShowChoice,2,伪装成刺客作案,X_040_C053C_045,PlayVideo_Ordinary,__entryPoint
storyline_014_a546b85c7a,CL051_X_020_027,ShowChoice,2,不再挣扎，保全魏王,B09_X_020_C051C_030,PlayVideo_Ordinary,__entryPoint
storyline_014_a546b85c7a,CL051_X_020_027,ShowChoice,1,向她求饶，让她别划脸,B08_X_020_C051B_029,PlayVideo_Ordinary,__entryPoint
storyline_014_a546b85c7a,CL051_X_020_027,ShowChoice,0,夺下花簪，除掉刘熙,X_020_C051A_028,PlayVideo_Ordinary,__entryPoint
storyline_014_a546b85c7a,CL050_X_250_025,ShowChoice,1,回到宫中，登上权力的巅峰,X_250_C050B_047,PlayVideo_Ordinary,__entryPoint
storyline_014_a546b85c7a,CL050_X_250_025,ShowChoice,0,离开这里，开启新世界支线,X_010_C050A_026,PlayVideo_Ordinary,__entryPoint
storyline_014_a546b85c7a,CL060_X_300_048,ShowChoice,2,大声呼喊礼治,X_300_C060C_051,PlayVideo_Ordinary,__entryPoint
storyline_014_a546b85c7a,CL060_X_300_048,ShowChoice,1,让尼姑帮你把簪子送给礼治,B03_X_300_C060B_050,PlayVideo_Ordinary,__entryPoint
storyline_014_a546b85c7a,CL060_X_300_048,ShowChoice,0,强行冲出去,B03_X_300_C060A_049,PlayVideo_Ordinary,__entryPoint
storyline_015_9a7da27f56,CL100_016_044,ShowChoice,1,贪腐百姓税款,N03_016_C100B_046,PlayVideo_Ordinary,__entryPoint
storyline_015_9a7da27f56,CL100_016_044,ShowChoice,0,谋反,016_C100A_045,PlayVideo_Ordinary,__entryPoint
storyline_015_9a7da27f56,CL110_016_047,ShowChoice,1,礼弘（你的孩子）,N04_016_C110B_054,PlayVideo_Ordinary,__entryPoint
storyline_015_9a7da27f56,CL110_016_047,ShowChoice,0,礼忠（当今太子）,016_C110A_048,PlayVideo_Ordinary,__entryPoint
storyline_015_9a7da27f56,CL110_016_047,ShowChoice,2,礼素节（萧舒妃之子）,N05_016_C110C_055,PlayVideo_Ordinary,__entryPoint
storyline_015_9a7da27f56,C010_016_002,ShowChoice,0,寻出他私生活的污点,N01_016_C010A_003,PlayVideo_Ordinary,__entryPoint
storyline_015_9a7da27f56,C010_016_002,ShowChoice,2,架空他,016_C010C_005,PlayVideo_Ordinary,__entryPoint
storyline_015_9a7da27f56,C010_016_002,ShowChoice,1,栽赃给他谋反重罪,N02_016_C010B_004,PlayVideo_Ordinary,__entryPoint
storyline_015_9a7da27f56,CL020_016_006,ShowChoice,0,多谢陛下,016_C020A_007,PlayVideo_Ordinary,__entryPoint
storyline_015_9a7da27f56,CL020_016_006,ShowChoice,1,婉拒陛下,016_C020B_008,PlayVideo_Ordinary,__entryPoint
storyline_015_9a7da27f56,CL090_016_039,ShowChoice,0,“陛下，你相信我吗？”,016_C090A_040,PlayVideo_Ordinary,__entryPoint
storyline_015_9a7da27f56,CL090_016_039,ShowChoice,1,“不是我做的！”,016_C090B_041,PlayVideo_Ordinary,__entryPoint
storyline_015_9a7da27f56,CL090_016_039,ShowChoice,2,沉默,016_C090C_042,PlayVideo_Ordinary,__entryPoint
storyline_015_9a7da27f56,CL120_016_049,ShowChoice,0,李益府上奏改易太子，陛下未驳斥,016_C120A_050,PlayVideo_Ordinary,__entryPoint
storyline_015_9a7da27f56,CL120_016_049,ShowChoice,2,你忘了是她为你得来的太子位吗？,016_C120C_052,PlayVideo_Ordinary,__entryPoint
storyline_015_9a7da27f56,CL120_016_049,ShowChoice,1,伍氏必会不择手段夺取太子位,016_C120B_051,PlayVideo_Ordinary,__entryPoint
storyline_015_9a7da27f56,CL130_016_058,ShowChoice,0,只需陛下一人相信即可,016_C130A_059,PlayVideo_Ordinary,__entryPoint
storyline_015_9a7da27f56,CL130_016_058,ShowChoice,2,献祭太尉，是你破局的唯一机会,016_C130C_065,PlayVideo_Ordinary,__entryPoint
storyline_015_9a7da27f56,CL130_016_058,ShowChoice,1,本宫会让太子欲谋反的童谣传遍天下,016_C130B_060,PlayVideo_Ordinary,__entryPoint
storyline_015_9a7da27f56,CL0140_016_066,ShowChoice,0,问心无愧四字，你可敢上告先帝？,016_C140A_067,PlayVideo_Ordinary,__entryPoint
storyline_015_9a7da27f56,CL0140_016_066,ShowChoice,1,被我所害？你不过失道寡助而已,016_C140B_068,PlayVideo_Ordinary,__entryPoint
storyline_015_9a7da27f56,CL0150_016_070,ShowChoice,0,杀,016_C150A_071,PlayVideo_Ordinary,__entryPoint
storyline_015_9a7da27f56,CL0150_016_070,ShowChoice,1,不杀,016_C150B_072,PlayVideo_Ordinary,__entryPoint
storyline_015_9a7da27f56,CL0160_016_073,ShowChoice,1,不杀,016_C160B_075,PlayVideo_Ordinary,__entryPoint
storyline_015_9a7da27f56,CL0160_016_073,ShowChoice,0,杀,016_C160A_074,PlayVideo_Ordinary,__entryPoint
storyline_015_9a7da27f56,CL060_016_023,ShowChoice,0,家中鸡犬也升天了,016_C060A_024,PlayVideo_Ordinary,__entryPoint
storyline_015_9a7da27f56,CL060_016_023,ShowChoice,1,你们作为外戚，今后可要小心谨慎,016_C060B_025,PlayVideo_Ordinary,__entryPoint
storyline_015_9a7da27f56,CL060_016_023,ShowChoice,2,到头来，还得让本宫提拔你们,016_C060C_026,PlayVideo_Ordinary,__entryPoint
storyline_015_9a7da27f56,CL070_016_028,ShowChoice,0,罢免他们,016_C070A_029,PlayVideo_Ordinary,__entryPoint
storyline_015_9a7da27f56,CL070_016_028,ShowChoice,1,留着他们,016_C070B_030,PlayVideo_Ordinary,__entryPoint
storyline_015_9a7da27f56,CL080_016_032,ShowChoice,0,遵从礼治，由上官宜主办,016_C080A_033,PlayVideo_Ordinary,__entryPoint
storyline_015_9a7da27f56,CL080_016_032,ShowChoice,1,遵从本心，推荐季怀衷主办,016_C080B_034,PlayVideo_Ordinary,__entryPoint
storyline_015_9a7da27f56,CL0170_016_082,ShowChoice,0,看来，你已经疯了,016_C170A_083,PlayVideo_Ordinary,__entryPoint
storyline_015_9a7da27f56,CL0170_016_082,ShowChoice,1,铲除你，她会欣慰的 ,016_C170B_084,PlayVideo_Ordinary,__entryPoint
storyline_015_9a7da27f56,CL0180_016_086,ShowChoice,0,杀了她,016_C180A_087,PlayVideo_Ordinary,__entryPoint
storyline_015_9a7da27f56,CL0180_016_086,ShowChoice,1,不杀她,016_C180B_088,PlayVideo_Ordinary,__entryPoint
storyline_015_9a7da27f56,CL030_016_010,ShowChoice,0,批准,016_C030A_011,PlayVideo_Ordinary,__entryPoint
storyline_015_9a7da27f56,CL030_016_010,ShowChoice,1,拒绝,016_C030B_012,PlayVideo_Ordinary,__entryPoint
storyline_015_9a7da27f56,CL040_016_014,ShowChoice,0,批准,016_C040A_015,PlayVideo_Ordinary,__entryPoint
storyline_015_9a7da27f56,CL040_016_014,ShowChoice,1,拒绝,016_C040B_016,PlayVideo_Ordinary,__entryPoint
storyline_015_9a7da27f56,CL050_016_018,ShowChoice,1,拒绝,016_C050B_020,PlayVideo_Ordinary,__entryPoint
storyline_015_9a7da27f56,CL050_016_018,ShowChoice,0,批准,016_C050A_019,PlayVideo_Ordinary,__entryPoint
storyline_015_9a7da27f56,CL051_016_091,ShowChoice,0,批准,016_C051A_092,PlayVideo_Ordinary,__entryPoint
storyline_015_9a7da27f56,CL051_016_091,ShowChoice,1,拒绝,016_C051B_093,PlayVideo_Ordinary,__entryPoint
storyline_015_9a7da27f56,CL052_016_094,ShowChoice,1,拒绝,016_C052B_096,PlayVideo_Ordinary,__entryPoint
storyline_015_9a7da27f56,CL052_016_094,ShowChoice,0,批准,016_C052A_095,PlayVideo_Ordinary,__entryPoint
storyline_015_9a7da27f56,CL053_016_097,ShowChoice,0,批准,016_C053A_098,PlayVideo_Ordinary,__entryPoint
storyline_015_9a7da27f56,CL053_016_097,ShowChoice,1,拒绝,016_C053B_099,PlayVideo_Ordinary,__entryPoint
storyline_015_9a7da27f56,CL0161_016_104,ShowChoice,1,不杀,016_C160B_106,PlayVideo_Ordinary,__entryPoint
storyline_015_9a7da27f56,CL0161_016_104,ShowChoice,0,杀,016_C161A_105,PlayVideo_Ordinary,__entryPoint
storyline_016_8bd250145c,CL040_017_027,ShowChoice,0,以雷霆之势速战速决,017_C040A_030,PlayVideo_Ordinary,__entryPoint
storyline_016_8bd250145c,CL040_017_027,ShowChoice,1,兴举国之力转运物资,017_C040B_028,PlayVideo_Ordinary,__entryPoint
storyline_016_8bd250145c,CL070_017_041,ShowChoice,2,一切既往不咎,017_C070C_046,PlayVideo_Ordinary,__entryPoint
storyline_016_8bd250145c,CL070_017_041,ShowChoice,0,名册上之人一律处死,017_C070A_042,PlayVideo_Ordinary,__entryPoint
storyline_016_8bd250145c,CL070_017_041,ShowChoice,1,处死首恶之人，警告从者,017_C070B_044,PlayVideo_Ordinary,__entryPoint
storyline_016_8bd250145c,CL050_017_031,ShowChoice,1,佯装退兵，诱敌出击,017_C050B_032,PlayVideo_Ordinary,__entryPoint
storyline_016_8bd250145c,CL050_017_031,ShowChoice,0,另辟蹊径，出其不意,017_C050A_034,PlayVideo_Ordinary,__entryPoint
storyline_016_8bd250145c,CL060_017_035,ShowChoice,0,拉拢他,017_C060A_036,PlayVideo_Ordinary,__entryPoint
storyline_016_8bd250145c,CL060_017_035,ShowChoice,2,当众羞辱他,017_C060C_039,PlayVideo_Ordinary,__entryPoint
storyline_016_8bd250145c,CL060_017_035,ShowChoice,1,当众杀了他,017_C060B_038,PlayVideo_Ordinary,__entryPoint
storyline_016_8bd250145c,CL020_017_015,ShowChoice,0,威慑番邦诸国,017_C020B_016,PlayVideo_Ordinary,__entryPoint
storyline_016_8bd250145c,CL020_017_015,ShowChoice,1,扩张盛朝版图,017_C020B_017,PlayVideo_Ordinary,__entryPoint
storyline_016_8bd250145c,CL020_017_015,ShowChoice,2,借机练兵,017_C020C_018,PlayVideo_Ordinary,__entryPoint
storyline_016_8bd250145c,CL010_017_012,ShowChoice,0,赞同朝臣，赢得朝臣支持,N01_017_C010B_014,PlayVideo_Ordinary,__entryPoint
storyline_016_8bd250145c,CL010_017_012,ShowChoice,1,赞同陛下，出面帮陛下,017_C010A_013,PlayVideo_Ordinary,__entryPoint
storyline_016_8bd250145c,CL050_017_031,ShowChoice,2,集结精锐，中央突破,017_C050C_050,PlayVideo_Ordinary,__entryPoint
storyline_017_f7ecc9aff2,CL040_018_020,ShowChoice,0,重罚上官宜，以正视听,N01_018_C040A_021,PlayVideo_Ordinary,__entryPoint
storyline_017_f7ecc9aff2,CL040_018_020,ShowChoice,2,自断臂膀，平息众怒,018_C040C_023,PlayVideo_Ordinary,__entryPoint
storyline_017_f7ecc9aff2,CL040_018_020,ShowChoice,1,回归后宫,H02_018_C040B_022,PlayVideo_Ordinary,__entryPoint
storyline_017_f7ecc9aff2,CL100_018_047,ShowChoice,1,你不知母后这一路走来的艰辛,018_C100B_049,PlayVideo_Ordinary,__entryPoint
storyline_017_f7ecc9aff2,CL100_018_047,ShowChoice,0,没有我的杀伐果断，你早就死了！,018_C100A_048,PlayVideo_Ordinary,__entryPoint
storyline_017_f7ecc9aff2,CL090_018_041,ShowChoice,2,你想逼死母后吗！,018_C090C_045,PlayVideo_Ordinary,__entryPoint
storyline_017_f7ecc9aff2,CL090_018_041,ShowChoice,0,你想和上官宜同罪处死吗！,018_C090B_042,PlayVideo_Ordinary,__entryPoint
storyline_017_f7ecc9aff2,CL090_018_041,ShowChoice,1,你想牵连东宫所有属臣吗？！,018_C090B_044,PlayVideo_Ordinary,__entryPoint
storyline_017_f7ecc9aff2,CL110_018_051,ShowChoice,1,我也不知道,018_C110B_053,PlayVideo_Ordinary,__entryPoint
storyline_017_f7ecc9aff2,CL110_018_051,ShowChoice,0,会的，他很想太平，很想母后,018_C110A_052,PlayVideo_Ordinary,__entryPoint
storyline_017_f7ecc9aff2,CL010_018_002,ShowChoice,1,此事不妥,018_C010B_004,PlayVideo_Ordinary,__entryPoint
storyline_017_f7ecc9aff2,CL010_018_002,ShowChoice,0,母后也有此意,018_C010A_003,PlayVideo_Ordinary,__entryPoint
storyline_017_f7ecc9aff2,CL120_018_055,ShowChoice,0,邀礼治故地重游,N08_018_C120A_056,PlayVideo_Ordinary,__entryPoint
storyline_017_f7ecc9aff2,CL120_018_055,ShowChoice,1,质问礼治,018_C120B_057,PlayVideo_Ordinary,__entryPoint
storyline_017_f7ecc9aff2,CL050_018_024,ShowChoice,1,伍元庆 伍元爽,018_C050B_026,PlayVideo_Ordinary,__entryPoint
storyline_017_f7ecc9aff2,CL050_018_024,ShowChoice,0,季怀衷 李益府,N03_018_C050A_025,PlayVideo_Ordinary,__entryPoint
storyline_017_f7ecc9aff2,CL060_018_027,ShowChoice,1,送还故里，安度晚年,018_C060B_029,PlayVideo_Ordinary,__entryPoint
storyline_017_f7ecc9aff2,CL060_018_027,ShowChoice,0,在他们归乡途中直接灭口,018_C060A_028,PlayVideo_Ordinary,__entryPoint
storyline_017_f7ecc9aff2,CL070_018_031,ShowChoice,0,为李益府求情,018_C070A_032,PlayVideo_Ordinary,__entryPoint
storyline_017_f7ecc9aff2,CL070_018_031,ShowChoice,1,不为李益府求情,018_C070B_033,PlayVideo_Ordinary,__entryPoint
storyline_017_f7ecc9aff2,C130_018_058,ShowChoice,1,我不愿离开,018_C130B_060,PlayVideo_Ordinary,__entryPoint
storyline_017_f7ecc9aff2,C130_018_058,ShowChoice,0,答应他,N09_018_C130A_059,PlayVideo_Ordinary,__entryPoint
storyline_017_f7ecc9aff2,CL021_018_068,ShowChoice,0,陛下安排吧,018_C021A_069,PlayVideo_Ordinary,__entryPoint
storyline_017_f7ecc9aff2,CL021_018_068,ShowChoice,1,我不同意,018_C021B_070,PlayVideo_Ordinary,__entryPoint
storyline_017_f7ecc9aff2,CL021_018_068,ShowChoice,2,我正有此意,018_C021C_071,PlayVideo_Ordinary,__entryPoint
storyline_017_f7ecc9aff2,CL031_018_072,ShowChoice,0,同意,018_C031A_073,PlayVideo_Ordinary,__entryPoint
storyline_017_f7ecc9aff2,CL031_018_072,ShowChoice,1,不同意,018_C031B_074,PlayVideo_Ordinary,__entryPoint
storyline_017_f7ecc9aff2,CL071_018_075,ShowChoice,0,同盟的奏折,018_C071A_076,PlayVideo_Ordinary,__entryPoint
storyline_017_f7ecc9aff2,CL071_018_075,ShowChoice,1,政敌的奏折,018_C071B_077,PlayVideo_Ordinary,__entryPoint
storyline_017_f7ecc9aff2,CL131_018_079,ShowChoice,0,邀礼治故地重游，重新拉近距离,N99_018_C131A_080,PlayVideo_Ordinary,__entryPoint
storyline_017_f7ecc9aff2,CL131_018_079,ShowChoice,1,拆下凤冠，自请废后，以退为进,018_C131B_081,PlayVideo_Ordinary,__entryPoint
storyline_017_f7ecc9aff2,CL080_018_035,ShowChoice,0,罗织罪名，呈交陛下,018_C080B_038,PlayVideo_Ordinary,__entryPoint
storyline_017_f7ecc9aff2,CL080_018_035,ShowChoice,1,趁陛下养疾，绕过陛下除去他,018_C080C_040,PlayVideo_Ordinary,__entryPoint
storyline_017_f7ecc9aff2,CL072_018_085,ShowChoice,0,命袭心悄无声息地了结他,N_018_C720A_086,PlayVideo_Ordinary,__entryPoint
storyline_017_f7ecc9aff2,CL072_018_085,ShowChoice,1,罗织罪名，罢免其职位,N10_018_C072B_087,PlayVideo_Ordinary,__entryPoint
storyline_017_f7ecc9aff2,CL072_018_085,ShowChoice,2,让上官宜，死得轰轰烈烈,018_C072C_088,PlayVideo_Ordinary,__entryPoint
storyline_017_f7ecc9aff2,018_099,ShowChoice,0,往后的路，并肩走下去,018_103,PlayVideo_Ordinary,__entryPoint
storyline_017_f7ecc9aff2,018_099,ShowChoice,1,往后的路，我要做订立规则的那个人,018_104,PlayVideo_Ordinary,__entryPoint
